insert into epist_pedio (onoma_epist_pediou) values ('Mathematics');
insert into epist_pedio (onoma_epist_pediou) values ('Computer and information sciences');
insert into epist_pedio (onoma_epist_pediou) values ('Physical science');
insert into epist_pedio (onoma_epist_pediou) values ('Chemical sciences');
insert into epist_pedio (onoma_epist_pediou) values ('Earth and related Environmental sciences');
insert into epist_pedio (onoma_epist_pediou) values ('Biological science');
insert into epist_pedio (onoma_epist_pediou) values ('Industrial biotechnology');
insert into epist_pedio (onoma_epist_pediou) values ('Agriculture Forestry and Fisheries');
insert into epist_pedio (onoma_epist_pediou) values ('Clinical medicine');
insert into epist_pedio (onoma_epist_pediou) values ('Nano-technology');

insert into stelexos (onoma_stelexous) values ('Adriane Hubbis');
insert into stelexos (onoma_stelexous) values ('Flo Noen');
insert into stelexos (onoma_stelexous) values ('Rosabelle Carnson');
insert into stelexos (onoma_stelexous) values ('Lorin Orpen');
insert into stelexos (onoma_stelexous) values ('Etty Pizey');
insert into stelexos (onoma_stelexous) values ('Berna Hazael');
insert into stelexos (onoma_stelexous) values ('Dulcine Lathaye');
insert into stelexos (onoma_stelexous) values ('Ilka Dake');
insert into stelexos (onoma_stelexous) values ('Kathe Friar');
insert into stelexos (onoma_stelexous) values ('Suzanna Barrick');
insert into stelexos (onoma_stelexous) values ('Agata Petti');
insert into stelexos (onoma_stelexous) values ('Lyon Maxfield');
insert into stelexos (onoma_stelexous) values ('Lani Casterot');
insert into stelexos (onoma_stelexous) values ('Mariquilla Robson');
insert into stelexos (onoma_stelexous) values ('Theressa Gladdin');
insert into stelexos (onoma_stelexous) values ('Ginni Imesson');
insert into stelexos (onoma_stelexous) values ('Melamie Keningley');
insert into stelexos (onoma_stelexous) values ('Binnie Aldin');
insert into stelexos (onoma_stelexous) values ('Ardelia Raspin');
insert into stelexos (onoma_stelexous) values ('Gerrie Loadsman');
insert into stelexos (onoma_stelexous) values ('Louis Prosek');
insert into stelexos (onoma_stelexous) values ('Marne Lorand');
insert into stelexos (onoma_stelexous) values ('Ricoriki Regina');
insert into stelexos (onoma_stelexous) values ('Linnie O'' Lone');
insert into stelexos (onoma_stelexous) values ('Ginny Tresise');
insert into stelexos (onoma_stelexous) values ('Libby Rowthorne');
insert into stelexos (onoma_stelexous) values ('Homer Vivien');
insert into stelexos (onoma_stelexous) values ('Candace Bolt');
insert into stelexos (onoma_stelexous) values ('Tamara Kefford');
insert into stelexos (onoma_stelexous) values ('Marcy Gerg');
insert into stelexos (onoma_stelexous) values ('Marlee Petre');
insert into stelexos (onoma_stelexous) values ('Rowney Blencoe');
insert into stelexos (onoma_stelexous) values ('Rogerio Trevett');
insert into stelexos (onoma_stelexous) values ('Joyous Hunnaball');
insert into stelexos (onoma_stelexous) values ('Maison Juanes');
insert into stelexos (onoma_stelexous) values ('Reg Martinet');
insert into stelexos (onoma_stelexous) values ('Matty Owers');
insert into stelexos (onoma_stelexous) values ('Davidson Jefferson');
insert into stelexos (onoma_stelexous) values ('Dannel Rabley');
insert into stelexos (onoma_stelexous) values ('Benjamen Glanfield');
insert into stelexos (onoma_stelexous) values ('Allys Muncey');
insert into stelexos (onoma_stelexous) values ('Pedro Buxey');
insert into stelexos (onoma_stelexous) values ('Farris Dyster');
insert into stelexos (onoma_stelexous) values ('Bald Doyle');
insert into stelexos (onoma_stelexous) values ('Milka Keel');
insert into stelexos (onoma_stelexous) values ('Lilla Jina');
insert into stelexos (onoma_stelexous) values ('Ronald Salvin');
insert into stelexos (onoma_stelexous) values ('Fancy Farlowe');
insert into stelexos (onoma_stelexous) values ('Rebekkah Cescoti');
insert into stelexos (onoma_stelexous) values ('Ephraim Bourton');
insert into stelexos (onoma_stelexous) values ('Ashlie Dudman');
insert into stelexos (onoma_stelexous) values ('Flint Maria');
insert into stelexos (onoma_stelexous) values ('Jessalin Morrice');
insert into stelexos (onoma_stelexous) values ('Jerrilee Briddle');
insert into stelexos (onoma_stelexous) values ('Fey Teaz');
insert into stelexos (onoma_stelexous) values ('Cinnamon Caras');
insert into stelexos (onoma_stelexous) values ('Cody Lapwood');
insert into stelexos (onoma_stelexous) values ('Clerkclaude Mordaunt');
insert into stelexos (onoma_stelexous) values ('Tawsha Spilsbury');
insert into stelexos (onoma_stelexous) values ('Amelina Ferschke');
insert into stelexos (onoma_stelexous) values ('Frankie Kondratenko');
insert into stelexos (onoma_stelexous) values ('Alfreda Valerius');
insert into stelexos (onoma_stelexous) values ('Pauly Rikard');
insert into stelexos (onoma_stelexous) values ('Ancell Hanner');
insert into stelexos (onoma_stelexous) values ('Liv McKinless');
insert into stelexos (onoma_stelexous) values ('Shela D''Alessio');
insert into stelexos (onoma_stelexous) values ('Felicio Ferre');
insert into stelexos (onoma_stelexous) values ('Randell Coping');
insert into stelexos (onoma_stelexous) values ('Belvia Woollcott');
insert into stelexos (onoma_stelexous) values ('Delmore Escalero');
insert into stelexos (onoma_stelexous) values ('Marylee Buttle');
insert into stelexos (onoma_stelexous) values ('Gav Towriss');
insert into stelexos (onoma_stelexous) values ('Stefa Craighill');
insert into stelexos (onoma_stelexous) values ('Lovell Robbings');
insert into stelexos (onoma_stelexous) values ('Jasmine Whitsun');

insert into programma (dieuthinsi_programmatos, onoma_programmatos) values ('Δ/νση Διαχείρισης έργων Αγροδιατροφή και Βιομηχανία τροφίμων', 'Cu mea impetus omittantur');
insert into programma (dieuthinsi_programmatos, onoma_programmatos) values ('Δ/νση Διαχείρισης έργων Περιβάλλον και Βιώσιμη Ανάπτυξη', 'Liber dolorem persecuti an mei' );
insert into programma (dieuthinsi_programmatos, onoma_programmatos) values ('Δ/νση Σχεδιασμού και Προγραμματισμού', 'malis sententiae percipitur' );
insert into programma (dieuthinsi_programmatos, onoma_programmatos) values ('Δ/νση Σχεδιασμού Δράσεων Καινοτομίας', 'ex mundi labore');
insert into programma (dieuthinsi_programmatos, onoma_programmatos) values ('Δ/νση Διαχείρισης και Παρακολούθησης Προγραμμάτων', 'malorum delicatissimi');
insert into programma (dieuthinsi_programmatos, onoma_programmatos) values ('Δ/νση Δράσης Επιστήμη και Κοινωνία', ' ei mel tation convenire');
insert into programma (dieuthinsi_programmatos, onoma_programmatos) values ('Δ/νση Διαχείρισης έργων Τουρισμού και Εστίασης', 'Ei his purto tation');
insert into programma (dieuthinsi_programmatos, onoma_programmatos) values ('Δ/νση Διαχείρισης έργων Ανάπτυξης Δικτύων Επικοινωνιών', 'Lorem ipsum dolorem');
insert into programma (dieuthinsi_programmatos, onoma_programmatos) values ('Δ/νση Διαχείρισης έργων Ενεργειακής Αυτονομίας', 'cita numquam harum voluptatum');
insert into programma (dieuthinsi_programmatos, onoma_programmatos) values ('Δ/νση Δράσεων Ισότητας Φύλων', 'e velit commodo pertinax');
insert into programma (dieuthinsi_programmatos, onoma_programmatos) values ('Δ/νση Δράσεων ΑΠΕ', 'qui unum liber');
insert into programma (dieuthinsi_programmatos, onoma_programmatos) values ('Δ/νση Δράσεων Ορυκτού Πλούτου', 'rationibus an');
INSERT INTO programma (dieuthinsi_programmatos, onoma_programmatos) VALUES ('Doloribus dicta numquam fuga repudiandae dolores voluptatem quidem.','Atque harum fugit et officia voluptatum.'),('Earum cupiditate nulla officiis sit qui impedit non.','Atque qui unde et adipisci totam.'),('Sed non odit sunt dolorem id.','Aut eum quia velit deserunt.'),('Ad qui quia qui numquam iusto ea.','Consequatur qui sunt corrupti eius expedita doloremque quis.'),('Molestias ut inventore ratione.','Cupiditate necessitatibus ipsum odit facere eos et.'),('Dolore quas magni ut incidunt.','Debitis molestias labore atque dicta.'),('At et quibusdam velit neque velit.','Deserunt sequi sint doloremque similique repellat sint minima minus.'),('Earum nostrum voluptatem delectus dolore nostrum et qui.','Dolore qui aut deleniti voluptatem.'),('Sit non veritatis consectetur iusto repellat aut.','Dolorem aliquid enim ab aliquid mollitia quam.'),('Aliquid autem sint porro temporibus doloremque voluptatem est placeat.','Eligendi quia mollitia error earum repudiandae ut.'),('Aut temporibus ab minus dolorem temporibus eos pariatur.','Et quibusdam id sint beatae odit et.'),('Iusto vel molestiae quod magnam expedita.','Et sit ab tempore dolorum rerum asperiores.'),('Vero ea mollitia qui repellendus eos adipisci.','Et voluptatum enim omnis labore.'),('Ratione cum voluptatibus ducimus ea.','Eveniet similique accusantium et odio animi optio magnam.'),('Numquam consequatur ea beatae ad.','Hic omnis consequatur tenetur omnis aut ea inventore.'),('Sed sit vitae fuga ullam quas ut.','Iusto illum quia nihil mollitia voluptatem amet id aliquam.'),('Commodi et blanditiis id ut ut.','Quia suscipit ut sunt sapiente beatae doloremque.'),('Itaque dolores ipsa hic odit autem et.','Quia temporibus totam provident qui ut.'),('Aut placeat expedita eaque ipsum.','Quia totam voluptatum dolore non numquam magnam.'),('Dolorem quia voluptatem repellat et id in deserunt.','Voluptate perspiciatis sint voluptas sunt tenetur eius velit ducimus.');

insert into organismos (syntomografia, onoma, odos, tk, polh) values ('RAS', 'Renner and Sons', '0229 Prentice Pass', 99852, 'Magok');
insert into organismos (syntomografia, onoma, odos, tk, polh) values ('RS', 'Reinger-Schiller', '2444 Hanover Crossing', 87456, 'Shanhaiguan');
insert into organismos (syntomografia, onoma, odos, tk, polh) values ('MI', 'Mueller Inc', '70341 Amoth Circle', 12387, 'Waso');
insert into organismos (syntomografia, onoma, odos, tk, polh) values ('OG', 'Osinski-Gleason', '412 Nova Circle', 56485, 'Telagasari');
insert into organismos (syntomografia, onoma, odos, tk, polh) values ('TG', 'Trantow Group', '03455 Waywood Parkway', '50090', 'Santa Clara');
insert into organismos (syntomografia, onoma, odos, tk, polh) values ('HD', 'Hintz-Denesik', '2 Duke Street', 12132, 'Santa Rita');
insert into organismos (syntomografia, onoma, odos, tk, polh) values ('FS', 'Feeney and Sons', '1 Burning Wood Alley', '88930', 'Benito Juarez');
insert into organismos (syntomografia, onoma, odos, tk, polh) values ('KLM', 'Keebler, Lind and Murray', '08351 Orin Place', 'V14', 'Rathdrum');
insert into organismos (syntomografia, onoma, odos, tk, polh) values ('WHK', 'Wolf, Hodkiewicz and Kulas', '9846 Saint Paul Place', 35468, 'Jiamaogong');
insert into organismos (syntomografia, onoma, odos, tk, polh) values ('BC', 'Balistreri-Connelly', '68259 Corscot Plaza', '368418', 'Bezhta');
insert into organismos (syntomografia, onoma, odos, tk, polh) values ('USPC', 'University of the South Pacific Centre', '3498 Morningstar Crossing', '10754', 'Masindi');
insert into organismos (syntomografia, onoma, odos, tk, polh) values ('CIS', 'College in Sládkovičovo', '60 Ryan Trail', '81623', 'Bayamo');
insert into organismos (syntomografia, onoma, odos, tk, polh) values ('UOM', 'University of Mostar', '890 Coleman Junction', '66127', 'Sarishabari');
insert into organismos (syntomografia, onoma, odos, tk, polh) values ('MGWC', 'Miyagi Gakuin Women''s College', '1736 Kennedy Trail', '18689', 'Al Qadmus');
insert into organismos (syntomografia, onoma, odos, tk, polh) values ('RH', 'Reinhardt College', '603 Sage Circle', '51770', 'Anle');
insert into organismos (syntomografia, onoma, odos, tk, polh) values ('MLUHW', 'Martin-Luther Universität Halle-Wittenberg', '22630 Warrior Circle', '65554', 'Su dong');
insert into organismos (syntomografia, onoma, odos, tk, polh) values ('UMCE', 'Universidad Metropolitana de Ciencias de la Educación', '1 Bashford Point', '13458', 'Duiwelskloof');
insert into organismos (syntomografia, onoma, odos, tk, polh) values ('UBA', 'Universidad Bicentenaria de Aragua', '9 Nelson Parkway', '30399', 'Lexington');
insert into organismos (syntomografia, onoma, odos, tk, polh) values ('TUT', 'Technological University (Taungoo)', '689 Ramsey Place', '64539', 'Pinhais');
insert into organismos (syntomografia, onoma, odos, tk, polh) values ('STPU', 'St. Paul University', '571 Coolidge Avenue', '88633', 'Tamiyah');
insert into organismos (syntomografia, onoma, odos, tk, polh) values ('WU', 'Willamette University', '19 South Junction', '17528', 'Saint-Brieuc');
insert into organismos (syntomografia, onoma, odos, tk, polh) values ('AUE', 'American University in the Emirates', '2 Mariners Cove Point', '25589', 'Ligatne');
insert into organismos (syntomografia, onoma, odos, tk, polh) values ('UV', 'Universidad de Valladolid', '682 Declaration Junction', '02906', 'Tantou');
insert into organismos (syntomografia, onoma, odos, tk, polh) values ('NAUR', 'National American University, Roseville', '9170 Fieldstone Point', '43360', 'Zibu');
insert into organismos (syntomografia, onoma, odos, tk, polh) values ('NUIG', 'National University of Ireland, Galway', '79 Browning Junction', '43376', 'Qiqing');
insert into organismos (syntomografia, onoma, odos, tk, polh) values ('GCU', 'GC University', '141 Thompson Pass', '76905', 'Sheze');
insert into organismos (syntomografia, onoma, odos, tk, polh) values ('RWC', 'Roberts Wesleyan College', '08 Daystar Circle', '95053', 'Jinqu');
insert into organismos (syntomografia, onoma, odos, tk, polh) values ('DYUT', 'Dong Yang University of Technology', '0940 Hoffman Lane', '38399', 'New York City');
insert into organismos (syntomografia, onoma, odos, tk, polh) values ('UNI', 'University of Northern Iowa', '6586 Carpenter Court', '65853', 'Sidokumpul');
insert into organismos (syntomografia, onoma, odos, tk, polh) values ('UCI', 'University of California, Irvine', '41018 Oneill Court', '98603', 'Joao Pessoa');
insert into organismos (syntomografia, onoma, odos, tk, polh) values ('HRC', 'Huron Research Center', '9057 Kim Place', '30398', 'Linqu');
insert into organismos (syntomografia, onoma, odos, tk, polh) values ('RCBOH', 'Research Center Bernardo O''Higgins', '48 Schlimgen Street', '86645', 'Machinga');
insert into organismos (syntomografia, onoma, odos, tk, polh) values ('RCT', 'Research Center of Tabuk', '92 Miller Court', '01246', 'Dawuhan');
insert into organismos (syntomografia, onoma, odos, tk, polh) values ('SRC', 'Shizuoka Research Center', '7 Oak Drive', '79930', 'Vaughan');
insert into organismos (syntomografia, onoma, odos, tk, polh) values ('NRCSP', 'Northwestern Research Center St. Paul', '0 Arapahoe Avenue', '07326', 'Wanurian');
insert into organismos (syntomografia, onoma, odos, tk, polh) values ('NWRCP', 'Northwestern Research Center of the Philippines', '257 Bartillon Court', '20410', 'Malibago');
insert into organismos (syntomografia, onoma, odos, tk, polh) values ('DTIT', 'Darul Takzim Institute of Technology', '3 Eagle Crest Road', '41141', 'Baidoa');
insert into organismos (syntomografia, onoma, odos, tk, polh) values ('CAO', 'Center Autonoma de Occidente', '609 Menomonie Circle', '82098', 'Yonglong');
insert into organismos (syntomografia, onoma, odos, tk, polh) values ('RCM', 'Research Center of Macedonia', '7608 Ridge Oak Way', '88083', 'Damayan');
insert into organismos (syntomografia, onoma, odos, tk, polh) values ('SHRC', 'Shendi Research Center', '5 Starling Circle', '20790', 'Sumurgeneng');

insert into panephstimio (syntomografia, proypologismos_yp) values ('USPC', '5144673');
insert into panephstimio (syntomografia, proypologismos_yp) values ('CIS', '9217384');
insert into panephstimio (syntomografia, proypologismos_yp) values ('UOM', '8315900');
insert into panephstimio (syntomografia, proypologismos_yp) values ('MGWC', '5636656');
insert into panephstimio (syntomografia, proypologismos_yp) values ('RH', '1342623');
insert into panephstimio (syntomografia, proypologismos_yp) values ('MLUHW', '1797789');
insert into panephstimio (syntomografia, proypologismos_yp) values ('UMCE', '6786076');
insert into panephstimio (syntomografia, proypologismos_yp) values ('UBA', '9111824');
insert into panephstimio (syntomografia, proypologismos_yp) values ('TUT', '1978240');
insert into panephstimio (syntomografia, proypologismos_yp) values ('STPU', '7423540');
insert into panephstimio (syntomografia, proypologismos_yp) values ('WU', '5590681');
insert into panephstimio (syntomografia, proypologismos_yp) values ('AUE', '7432079');
insert into panephstimio (syntomografia, proypologismos_yp) values ('UV', '5959668');
insert into panephstimio (syntomografia, proypologismos_yp) values ('NAUR', '2197480');
insert into panephstimio (syntomografia, proypologismos_yp) values ('NUIG', '4269765');
insert into panephstimio (syntomografia, proypologismos_yp) values ('GCU', '7145545');
insert into panephstimio (syntomografia, proypologismos_yp) values ('RWC', '7751032');
insert into panephstimio (syntomografia, proypologismos_yp) values ('DYUT', '8711761');
insert into panephstimio (syntomografia, proypologismos_yp) values ('UNI', '2082377');
insert into panephstimio (syntomografia, proypologismos_yp) values ('UCI', '9395856');

insert into etairia (syntomografia, idia_kefalaia) values ('RAS', '9174579');
insert into etairia (syntomografia, idia_kefalaia) values ('RS', '3503209');
insert into etairia (syntomografia, idia_kefalaia) values ('MI', '8930835');
insert into etairia (syntomografia, idia_kefalaia) values ('OG', '5676048');
insert into etairia (syntomografia, idia_kefalaia) values ('TG', '6842720');
insert into etairia (syntomografia, idia_kefalaia) values ('HD', '5377500');
insert into etairia (syntomografia, idia_kefalaia) values ('FS', '2245375');
insert into etairia (syntomografia, idia_kefalaia) values ('KLM', '8960295');
insert into etairia (syntomografia, idia_kefalaia) values ('WHK', '5805549');
insert into etairia (syntomografia, idia_kefalaia) values ('BC', '6146038');

insert into er_kentro (syntomografia, proypologimos_yp, proypologismos_id) values ('HRC', '478103', '512541');
insert into er_kentro (syntomografia, proypologimos_yp, proypologismos_id) values ('RCBOH', '905661', '816038');
insert into er_kentro (syntomografia, proypologimos_yp, proypologismos_id) values ('RCT', '941355', '761994');
insert into er_kentro (syntomografia, proypologimos_yp, proypologismos_id) values ('SRC', '627884', '160386');
insert into er_kentro (syntomografia, proypologimos_yp, proypologismos_id) values ('NRCSP', '083648', '370130');
insert into er_kentro (syntomografia, proypologimos_yp, proypologismos_id) values ('NWRCP', '613960', '452025');
insert into er_kentro (syntomografia, proypologimos_yp, proypologismos_id) values ('DTIT', '301856', '196136');
insert into er_kentro (syntomografia, proypologimos_yp, proypologismos_id) values ('CAO', '961269', '709851');
insert into er_kentro (syntomografia, proypologimos_yp, proypologismos_id) values ('RCM', '296080', '440030');
insert into er_kentro (syntomografia, proypologimos_yp, proypologismos_id) values ('SHRC', '763184', '621537');

insert into organismos_thlefwna (thlefwna, syntomografia) values ('9635066304', 'USPC');
insert into organismos_thlefwna (thlefwna, syntomografia) values ('5161589164', 'CIS');
insert into organismos_thlefwna (thlefwna, syntomografia) values ('9333235226', 'UOM');
insert into organismos_thlefwna (thlefwna, syntomografia) values ('9986481680', 'MGWC');
insert into organismos_thlefwna (thlefwna, syntomografia) values ('6073105824', 'RH');
insert into organismos_thlefwna (thlefwna, syntomografia) values ('2868700577', 'MLUHW');
insert into organismos_thlefwna (thlefwna, syntomografia) values ('9100626794', 'UMCE');
insert into organismos_thlefwna (thlefwna, syntomografia) values ('4207425678', 'UBA');
insert into organismos_thlefwna (thlefwna, syntomografia) values ('3353785380', 'TUT');
insert into organismos_thlefwna (thlefwna, syntomografia) values ('7424122522', 'STPU');
insert into organismos_thlefwna (thlefwna, syntomografia) values ('8586190376', 'WU');
insert into organismos_thlefwna (thlefwna, syntomografia) values ('9687584042', 'AUE');
insert into organismos_thlefwna (thlefwna, syntomografia) values ('2703414094', 'UV');
insert into organismos_thlefwna (thlefwna, syntomografia) values ('3991031033', 'NAUR');
insert into organismos_thlefwna (thlefwna, syntomografia) values ('5081502686', 'NUIG');
insert into organismos_thlefwna (thlefwna, syntomografia) values ('9722879339', 'GCU');
insert into organismos_thlefwna (thlefwna, syntomografia) values ('4105502474', 'RWC');
insert into organismos_thlefwna (thlefwna, syntomografia) values ('8623802338', 'DYUT');
insert into organismos_thlefwna (thlefwna, syntomografia) values ('2683932358', 'UNI');
insert into organismos_thlefwna (thlefwna, syntomografia) values ('7982246060', 'UCI');
insert into organismos_thlefwna (thlefwna, syntomografia) values ('3898821245', 'RAS');
insert into organismos_thlefwna (thlefwna, syntomografia) values ('8980034059', 'RS');
insert into organismos_thlefwna (thlefwna, syntomografia) values ('2061925466', 'MI');
insert into organismos_thlefwna (thlefwna, syntomografia) values ('8232438678', 'OG');
insert into organismos_thlefwna (thlefwna, syntomografia) values ('3523214015', 'TG');
insert into organismos_thlefwna (thlefwna, syntomografia) values ('7686293365', 'HD');
insert into organismos_thlefwna (thlefwna, syntomografia) values ('0828222678', 'FS');
insert into organismos_thlefwna (thlefwna, syntomografia) values ('0443430566', 'KLM');
insert into organismos_thlefwna (thlefwna, syntomografia) values ('8096103152', 'WHK');
insert into organismos_thlefwna (thlefwna, syntomografia) values ('5140747040', 'BC');
insert into organismos_thlefwna (thlefwna, syntomografia) values ('9972442501', 'HRC');
insert into organismos_thlefwna (thlefwna, syntomografia) values ('0879529553', 'RCBOH');
insert into organismos_thlefwna (thlefwna, syntomografia) values ('9478231697', 'RCT');
insert into organismos_thlefwna (thlefwna, syntomografia) values ('8718974791', 'SRC');
insert into organismos_thlefwna (thlefwna, syntomografia) values ('9798326183', 'NRCSP');
insert into organismos_thlefwna (thlefwna, syntomografia) values ('5731104678', 'NWRCP');
insert into organismos_thlefwna (thlefwna, syntomografia) values ('0017123040', 'DTIT');
insert into organismos_thlefwna (thlefwna, syntomografia) values ('2262524236', 'CAO');
insert into organismos_thlefwna (thlefwna, syntomografia) values ('6529176679', 'RCM');
insert into organismos_thlefwna (thlefwna, syntomografia) values ('1371927527', 'SHRC');
insert into organismos_thlefwna (thlefwna, syntomografia) values ('8024798040', 'USPC');
insert into organismos_thlefwna (thlefwna, syntomografia) values ('7860907578', 'CIS');
insert into organismos_thlefwna (thlefwna, syntomografia) values ('9785898617', 'UOM');
insert into organismos_thlefwna (thlefwna, syntomografia) values ('4597245169', 'MGWC');
insert into organismos_thlefwna (thlefwna, syntomografia) values ('6472160666', 'RH');
insert into organismos_thlefwna (thlefwna, syntomografia) values ('3879925515', 'MLUHW');
insert into organismos_thlefwna (thlefwna, syntomografia) values ('4497519914', 'UMCE');
insert into organismos_thlefwna (thlefwna, syntomografia) values ('9280704374', 'UBA');
insert into organismos_thlefwna (thlefwna, syntomografia) values ('5979140970', 'TUT');
insert into organismos_thlefwna (thlefwna, syntomografia) values ('3233725818', 'STPU');
insert into organismos_thlefwna (thlefwna, syntomografia) values ('8957879857', 'WU');
insert into organismos_thlefwna (thlefwna, syntomografia) values ('6366120905', 'AUE');
insert into organismos_thlefwna (thlefwna, syntomografia) values ('5003334422', 'UV');
insert into organismos_thlefwna (thlefwna, syntomografia) values ('2789993004', 'NAUR');
insert into organismos_thlefwna (thlefwna, syntomografia) values ('7978208593', 'NUIG');
insert into organismos_thlefwna (thlefwna, syntomografia) values ('2472951853', 'GCU');
insert into organismos_thlefwna (thlefwna, syntomografia) values ('4112146921', 'RWC');
insert into organismos_thlefwna (thlefwna, syntomografia) values ('6768173820', 'DYUT');
insert into organismos_thlefwna (thlefwna, syntomografia) values ('6515714360', 'UNI');
insert into organismos_thlefwna (thlefwna, syntomografia) values ('1476607646', 'UCI');

insert into ereunitis (onoma, epitheto, fylo, hmeromhnia_gennhshs, hmeromhnia_ergasias, syntomografia) values ('Christian', 'Trent', 'F', '1967-12-01', '2017-03-19', 'KLM');
insert into ereunitis (onoma, epitheto, fylo, hmeromhnia_gennhshs, hmeromhnia_ergasias, syntomografia) values ('Aldous', 'Cavie', 'M', '1986-06-04', '2008-12-04', 'KLM');
insert into ereunitis (onoma, epitheto, fylo, hmeromhnia_gennhshs, hmeromhnia_ergasias, syntomografia) values ('Tad', 'Whimper', 'M', '1977-12-04', '2007-01-05', 'UMCE');
insert into ereunitis (onoma, epitheto, fylo, hmeromhnia_gennhshs, hmeromhnia_ergasias, syntomografia) values ('Norene', 'O''Logan', 'F', '1986-06-24', '2021-12-11', 'DTIT');
insert into ereunitis (onoma, epitheto, fylo, hmeromhnia_gennhshs, hmeromhnia_ergasias, syntomografia) values ('Barnett', 'Deeson', 'M', '1982-02-11', '2001-02-18', 'RH');
insert into ereunitis (onoma, epitheto, fylo, hmeromhnia_gennhshs, hmeromhnia_ergasias, syntomografia) values ('Mariam', 'MacAless', 'F', '1977-11-20', '2007-04-17', 'DYUT');
insert into ereunitis (onoma, epitheto, fylo, hmeromhnia_gennhshs, hmeromhnia_ergasias, syntomografia) values ('Fleurette', 'McIsaac', 'F', '1951-10-15', '2010-07-28', 'DTIT');
insert into ereunitis (onoma, epitheto, fylo, hmeromhnia_gennhshs, hmeromhnia_ergasias, syntomografia) values ('Drugi', 'Bengtsson', 'M', '1978-11-19', '2017-06-17', 'DTIT');
insert into ereunitis (onoma, epitheto, fylo, hmeromhnia_gennhshs, hmeromhnia_ergasias, syntomografia) values ('Rayner', 'Shear', 'M', '1973-02-05', '2006-02-19', 'BC');
insert into ereunitis (onoma, epitheto, fylo, hmeromhnia_gennhshs, hmeromhnia_ergasias, syntomografia) values ('Benedick', 'Autie', 'M', '1982-02-22', '2017-04-27', 'MGWC');
insert into ereunitis (onoma, epitheto, fylo, hmeromhnia_gennhshs, hmeromhnia_ergasias, syntomografia) values ('Susy', 'Sadat', 'F', '1980-06-29', '2003-07-14', 'MLUHW');
insert into ereunitis (onoma, epitheto, fylo, hmeromhnia_gennhshs, hmeromhnia_ergasias, syntomografia) values ('Saba', 'Pipping', 'F', '1967-10-26', '2010-09-07', 'KLM');
insert into ereunitis (onoma, epitheto, fylo, hmeromhnia_gennhshs, hmeromhnia_ergasias, syntomografia) values ('Ester', 'Junkison', 'F', '1962-03-12', '2010-09-13', 'TG');
insert into ereunitis (onoma, epitheto, fylo, hmeromhnia_gennhshs, hmeromhnia_ergasias, syntomografia) values ('Goddart', 'Deners', 'M', '1978-11-26', '2016-03-20', 'UOM');
insert into ereunitis (onoma, epitheto, fylo, hmeromhnia_gennhshs, hmeromhnia_ergasias, syntomografia) values ('Jens', 'Bendan', 'M', '1957-01-23', '2017-10-11', 'SHRC');
insert into ereunitis (onoma, epitheto, fylo, hmeromhnia_gennhshs, hmeromhnia_ergasias, syntomografia) values ('Tedie', 'Yeude', 'M', '1960-11-02', '2000-01-30', 'NRCSP');
insert into ereunitis (onoma, epitheto, fylo, hmeromhnia_gennhshs, hmeromhnia_ergasias, syntomografia) values ('Lynnett', 'Fibben', 'F', '1964-06-13', '2001-06-10', 'BC');
insert into ereunitis (onoma, epitheto, fylo, hmeromhnia_gennhshs, hmeromhnia_ergasias, syntomografia) values ('Noland', 'Raiman', 'M', '1961-02-25', '2004-05-25', 'CAO');
insert into ereunitis (onoma, epitheto, fylo, hmeromhnia_gennhshs, hmeromhnia_ergasias, syntomografia) values ('Mirna', 'Nussii', 'F', '1969-12-03', '2019-10-06', 'TUT');
insert into ereunitis (onoma, epitheto, fylo, hmeromhnia_gennhshs, hmeromhnia_ergasias, syntomografia) values ('Bernie', 'Iskowicz', 'F', '1986-04-06', '2019-03-31', 'MGWC');
insert into ereunitis (onoma, epitheto, fylo, hmeromhnia_gennhshs, hmeromhnia_ergasias, syntomografia) values ('Tanney', 'Atcock', 'M', '1978-11-04', '2005-07-07', 'SHRC');
insert into ereunitis (onoma, epitheto, fylo, hmeromhnia_gennhshs, hmeromhnia_ergasias, syntomografia) values ('Krishna', 'Bendix', 'M', '1986-02-11', '2003-10-15', 'RS');
insert into ereunitis (onoma, epitheto, fylo, hmeromhnia_gennhshs, hmeromhnia_ergasias, syntomografia) values ('Piggy', 'Combe', 'M', '1977-01-14', '2018-08-18', 'GCU');
insert into ereunitis (onoma, epitheto, fylo, hmeromhnia_gennhshs, hmeromhnia_ergasias, syntomografia) values ('Quinton', 'Goracci', 'M', '1955-01-15', '2015-01-01', 'KLM');
insert into ereunitis (onoma, epitheto, fylo, hmeromhnia_gennhshs, hmeromhnia_ergasias, syntomografia) values ('Ivonne', 'Carstairs', 'F', '1959-11-29', '2012-12-04', 'AUE');
insert into ereunitis (onoma, epitheto, fylo, hmeromhnia_gennhshs, hmeromhnia_ergasias, syntomografia) values ('Mackenzie', 'Paolinelli', 'M', '1950-04-23', '2018-10-02', 'UCI');
insert into ereunitis (onoma, epitheto, fylo, hmeromhnia_gennhshs, hmeromhnia_ergasias, syntomografia) values ('Monique', 'Bancroft', 'F', '1962-02-09', '2000-02-16', 'DTIT');
insert into ereunitis (onoma, epitheto, fylo, hmeromhnia_gennhshs, hmeromhnia_ergasias, syntomografia) values ('Chilton', 'Edmans', 'M', '1958-10-23', '2022-02-23', 'GCU');
insert into ereunitis (onoma, epitheto, fylo, hmeromhnia_gennhshs, hmeromhnia_ergasias, syntomografia) values ('Cedric', 'Hymas', 'M', '1975-08-11', '2003-04-21', 'FS');
insert into ereunitis (onoma, epitheto, fylo, hmeromhnia_gennhshs, hmeromhnia_ergasias, syntomografia) values ('Sybila', 'Olivazzi', 'F', '1969-06-30', '2008-04-25', 'MGWC');
insert into ereunitis (onoma, epitheto, fylo, hmeromhnia_gennhshs, hmeromhnia_ergasias, syntomografia) values ('Fraze', 'Learmount', 'M', '1974-02-28', '2019-06-21', 'DYUT');
insert into ereunitis (onoma, epitheto, fylo, hmeromhnia_gennhshs, hmeromhnia_ergasias, syntomografia) values ('Karlene', 'Gley', 'F', '1975-09-01', '2010-08-15', 'CAO');
insert into ereunitis (onoma, epitheto, fylo, hmeromhnia_gennhshs, hmeromhnia_ergasias, syntomografia) values ('Daniele', 'Baggaley', 'F', '1989-04-17', '2001-07-21', 'RH');
insert into ereunitis (onoma, epitheto, fylo, hmeromhnia_gennhshs, hmeromhnia_ergasias, syntomografia) values ('Agustin', 'Ranner', 'M', '1968-06-07', '2018-06-04', 'AUE');
insert into ereunitis (onoma, epitheto, fylo, hmeromhnia_gennhshs, hmeromhnia_ergasias, syntomografia) values ('Petronilla', 'Labbez', 'F', '1961-08-17', '2004-08-28', 'GCU');
insert into ereunitis (onoma, epitheto, fylo, hmeromhnia_gennhshs, hmeromhnia_ergasias, syntomografia) values ('Fina', 'Haime', 'F', '1984-04-23', '2022-02-08', 'WU');
insert into ereunitis (onoma, epitheto, fylo, hmeromhnia_gennhshs, hmeromhnia_ergasias, syntomografia) values ('Isacco', 'Prendeguest', 'M', '1981-08-31', '2011-07-21', 'GCU');
insert into ereunitis (onoma, epitheto, fylo, hmeromhnia_gennhshs, hmeromhnia_ergasias, syntomografia) values ('Shannah', 'Sakins', 'F', '1958-03-08', '2008-09-26', 'UMCE');
insert into ereunitis (onoma, epitheto, fylo, hmeromhnia_gennhshs, hmeromhnia_ergasias, syntomografia) values ('Christye', 'Kilbourne', 'F', '1950-03-23', '2014-10-27', 'SRC');
insert into ereunitis (onoma, epitheto, fylo, hmeromhnia_gennhshs, hmeromhnia_ergasias, syntomografia) values ('Agnola', 'Dikels', 'F', '1958-06-10', '2021-08-10', 'GCU');
insert into ereunitis (onoma, epitheto, fylo, hmeromhnia_gennhshs, hmeromhnia_ergasias, syntomografia) values ('Randolf', 'Wiggall', 'M', '1958-07-20', '2003-05-06', 'FS');
insert into ereunitis (onoma, epitheto, fylo, hmeromhnia_gennhshs, hmeromhnia_ergasias, syntomografia) values ('Lucas', 'Genn', 'M', '1976-10-31', '2007-01-07', 'CAO');
insert into ereunitis (onoma, epitheto, fylo, hmeromhnia_gennhshs, hmeromhnia_ergasias, syntomografia) values ('Jeana', 'Barlee', 'F', '1965-07-29', '2001-09-25', 'RCT');
insert into ereunitis (onoma, epitheto, fylo, hmeromhnia_gennhshs, hmeromhnia_ergasias, syntomografia) values ('Marlowe', 'Littell', 'M', '1958-11-28', '2011-09-19', 'RH');
insert into ereunitis (onoma, epitheto, fylo, hmeromhnia_gennhshs, hmeromhnia_ergasias, syntomografia) values ('Sileas', 'Attwool', 'F', '1982-11-08', '2003-09-07', 'OG');
insert into ereunitis (onoma, epitheto, fylo, hmeromhnia_gennhshs, hmeromhnia_ergasias, syntomografia) values ('Tracy', 'Blaxill', 'M', '1961-10-30', '2017-01-17', 'GCU');
insert into ereunitis (onoma, epitheto, fylo, hmeromhnia_gennhshs, hmeromhnia_ergasias, syntomografia) values ('Binnie', 'Cicetti', 'F', '1970-01-12', '2003-09-03', 'RCT');
insert into ereunitis (onoma, epitheto, fylo, hmeromhnia_gennhshs, hmeromhnia_ergasias, syntomografia) values ('Sandie', 'Childerhouse', 'F', '1973-03-13', '2019-03-10', 'TG');
insert into ereunitis (onoma, epitheto, fylo, hmeromhnia_gennhshs, hmeromhnia_ergasias, syntomografia) values ('Kory', 'Grigoli', 'M', '1953-04-03', '2015-02-10', 'RCT');
insert into ereunitis (onoma, epitheto, fylo, hmeromhnia_gennhshs, hmeromhnia_ergasias, syntomografia) values ('Jakie', 'Egdal', 'M', '1970-05-21', '2019-06-18', 'RCM');
insert into ereunitis (onoma, epitheto, fylo, hmeromhnia_gennhshs, hmeromhnia_ergasias, syntomografia) values ('Arman', 'Cuell', 'M', '1989-12-02', '2016-02-26', 'BC');
insert into ereunitis (onoma, epitheto, fylo, hmeromhnia_gennhshs, hmeromhnia_ergasias, syntomografia) values ('Ruggiero', 'Goublier', 'M', '1972-01-07', '2013-05-16', 'BC');
insert into ereunitis (onoma, epitheto, fylo, hmeromhnia_gennhshs, hmeromhnia_ergasias, syntomografia) values ('Lilllie', 'Elvish', 'F', '1979-10-01', '2011-12-24', 'RCBOH');
insert into ereunitis (onoma, epitheto, fylo, hmeromhnia_gennhshs, hmeromhnia_ergasias, syntomografia) values ('Martainn', 'Claus', 'M', '1954-10-04', '2004-07-10', 'USPC');
insert into ereunitis (onoma, epitheto, fylo, hmeromhnia_gennhshs, hmeromhnia_ergasias, syntomografia) values ('Burnaby', 'Royan', 'M', '1961-02-10', '2006-07-13', 'OG');
insert into ereunitis (onoma, epitheto, fylo, hmeromhnia_gennhshs, hmeromhnia_ergasias, syntomografia) values ('Otes', 'Lehmann', 'M', '1958-01-29', '2015-05-06', 'MLUHW');
insert into ereunitis (onoma, epitheto, fylo, hmeromhnia_gennhshs, hmeromhnia_ergasias, syntomografia) values ('Gan', 'Sissens', 'M', '1968-10-27', '2011-02-26', 'UMCE');
insert into ereunitis (onoma, epitheto, fylo, hmeromhnia_gennhshs, hmeromhnia_ergasias, syntomografia) values ('Merrili', 'McElree', 'F', '1984-02-15', '2001-10-18', 'NUIG');
insert into ereunitis (onoma, epitheto, fylo, hmeromhnia_gennhshs, hmeromhnia_ergasias, syntomografia) values ('Elbertina', 'Larret', 'F', '1970-04-17', '2012-12-14', 'UCI');
insert into ereunitis (onoma, epitheto, fylo, hmeromhnia_gennhshs, hmeromhnia_ergasias, syntomografia) values ('Nerti', 'Belchambers', 'F', '1972-09-04', '2017-04-02', 'DTIT');
insert into ereunitis (onoma, epitheto, fylo, hmeromhnia_gennhshs, hmeromhnia_ergasias, syntomografia) values ('Frants', 'Keatch', 'M', '1976-11-07', '2001-05-17', 'RAS');
insert into ereunitis (onoma, epitheto, fylo, hmeromhnia_gennhshs, hmeromhnia_ergasias, syntomografia) values ('Steven', 'Antoszewski', 'M', '1966-08-27', '2000-04-18', 'NWRCP');
insert into ereunitis (onoma, epitheto, fylo, hmeromhnia_gennhshs, hmeromhnia_ergasias, syntomografia) values ('Sollie', 'Hazlewood', 'M', '1980-08-28', '2012-09-13', 'CIS');
insert into ereunitis (onoma, epitheto, fylo, hmeromhnia_gennhshs, hmeromhnia_ergasias, syntomografia) values ('Ced', 'Knewstub', 'M', '1971-08-13', '2007-08-13', 'WHK');
insert into ereunitis (onoma, epitheto, fylo, hmeromhnia_gennhshs, hmeromhnia_ergasias, syntomografia) values ('Gaby', 'Neagle', 'F', '1984-05-03', '2011-08-09', 'TG');
insert into ereunitis (onoma, epitheto, fylo, hmeromhnia_gennhshs, hmeromhnia_ergasias, syntomografia) values ('Ingram', 'Steutly', 'M', '1975-12-31', '2018-08-05', 'WU');
insert into ereunitis (onoma, epitheto, fylo, hmeromhnia_gennhshs, hmeromhnia_ergasias, syntomografia) values ('Diane', 'McCaster', 'F', '1987-09-11', '2018-09-17', 'NWRCP');
insert into ereunitis (onoma, epitheto, fylo, hmeromhnia_gennhshs, hmeromhnia_ergasias, syntomografia) values ('Dionysus', 'Moring', 'M', '1983-05-16', '2006-10-23', 'BC');
insert into ereunitis (onoma, epitheto, fylo, hmeromhnia_gennhshs, hmeromhnia_ergasias, syntomografia) values ('Garth', 'Pawlaczyk', 'M', '1955-02-27', '2000-09-06', 'MGWC');
insert into ereunitis (onoma, epitheto, fylo, hmeromhnia_gennhshs, hmeromhnia_ergasias, syntomografia) values ('Poul', 'Southcott', 'M', '1957-11-17', '2000-08-05', 'FS');
insert into ereunitis (onoma, epitheto, fylo, hmeromhnia_gennhshs, hmeromhnia_ergasias, syntomografia) values ('Harri', 'Pennell', 'F', '1956-01-03', '2005-04-12', 'RWC');
insert into ereunitis (onoma, epitheto, fylo, hmeromhnia_gennhshs, hmeromhnia_ergasias, syntomografia) values ('Curtis', 'Botwright', 'M', '1956-07-06', '2010-01-07', 'UOM');
insert into ereunitis (onoma, epitheto, fylo, hmeromhnia_gennhshs, hmeromhnia_ergasias, syntomografia) values ('Amye', 'Swatheridge', 'F', '1988-07-06', '2014-05-20', 'RCT');
insert into ereunitis (onoma, epitheto, fylo, hmeromhnia_gennhshs, hmeromhnia_ergasias, syntomografia) values ('Robbin', 'Daniell', 'F', '1965-08-20', '2009-10-18', 'DTIT');
insert into ereunitis (onoma, epitheto, fylo, hmeromhnia_gennhshs, hmeromhnia_ergasias, syntomografia) values ('Leora', 'Coat', 'F', '1954-01-18', '2014-10-16', 'BC');
insert into ereunitis (onoma, epitheto, fylo, hmeromhnia_gennhshs, hmeromhnia_ergasias, syntomografia) values ('Daniele', 'Dominy', 'F', '1953-09-20', '2000-12-02', 'NUIG');
insert into ereunitis (onoma, epitheto, fylo, hmeromhnia_gennhshs, hmeromhnia_ergasias, syntomografia) values ('Lonnie', 'Leechman', 'M', '1971-08-11', '2017-07-27', 'STPU');
insert into ereunitis (onoma, epitheto, fylo, hmeromhnia_gennhshs, hmeromhnia_ergasias, syntomografia) values ('Rosie', 'Farahar', 'F', '1988-09-10', '2013-09-13', 'RH');
insert into ereunitis (onoma, epitheto, fylo, hmeromhnia_gennhshs, hmeromhnia_ergasias, syntomografia) values ('Tiena', 'Blunden', 'F', '1977-03-06', '2019-07-08', 'MGWC');
insert into ereunitis (onoma, epitheto, fylo, hmeromhnia_gennhshs, hmeromhnia_ergasias, syntomografia) values ('Yale', 'Sickling', 'M', '1950-06-13', '2003-03-07', 'FS');
insert into ereunitis (onoma, epitheto, fylo, hmeromhnia_gennhshs, hmeromhnia_ergasias, syntomografia) values ('Deny', 'Daborne', 'F', '1989-08-12', '2016-02-10', 'OG');
insert into ereunitis (onoma, epitheto, fylo, hmeromhnia_gennhshs, hmeromhnia_ergasias, syntomografia) values ('Caryl', 'Draaisma', 'F', '1958-04-01', '2017-03-23', 'WU');
insert into ereunitis (onoma, epitheto, fylo, hmeromhnia_gennhshs, hmeromhnia_ergasias, syntomografia) values ('Gill', 'Patriskson', 'M', '1960-08-19', '2010-02-21', 'UOM');
insert into ereunitis (onoma, epitheto, fylo, hmeromhnia_gennhshs, hmeromhnia_ergasias, syntomografia) values ('Thelma', 'Bonson', 'F', '1960-09-01', '2004-01-24', 'UV');
insert into ereunitis (onoma, epitheto, fylo, hmeromhnia_gennhshs, hmeromhnia_ergasias, syntomografia) values ('Pete', 'Oxshott', 'M', '1964-12-03', '2010-04-23', 'MGWC');
insert into ereunitis (onoma, epitheto, fylo, hmeromhnia_gennhshs, hmeromhnia_ergasias, syntomografia) values ('Calla', 'Penright', 'F', '1981-10-30', '2009-03-02', 'UBA');
insert into ereunitis (onoma, epitheto, fylo, hmeromhnia_gennhshs, hmeromhnia_ergasias, syntomografia) values ('Mozelle', 'Rosettini', 'F', '1975-06-19', '2002-08-17', 'HD');
insert into ereunitis (onoma, epitheto, fylo, hmeromhnia_gennhshs, hmeromhnia_ergasias, syntomografia) values ('Ashly', 'Perago', 'F', '1953-09-30', '2002-01-31', 'FS');
insert into ereunitis (onoma, epitheto, fylo, hmeromhnia_gennhshs, hmeromhnia_ergasias, syntomografia) values ('Alair', 'Lysons', 'M', '1984-01-19', '2005-08-26', 'RAS');
insert into ereunitis (onoma, epitheto, fylo, hmeromhnia_gennhshs, hmeromhnia_ergasias, syntomografia) values ('Filip', 'Pechan', 'M', '1956-03-18', '2018-10-12', 'MLUHW');
insert into ereunitis (onoma, epitheto, fylo, hmeromhnia_gennhshs, hmeromhnia_ergasias, syntomografia) values ('Brade', 'Liger', 'M', '1956-02-18', '2015-06-28', 'TG');
insert into ereunitis (onoma, epitheto, fylo, hmeromhnia_gennhshs, hmeromhnia_ergasias, syntomografia) values ('Corrie', 'Coomer', 'M', '1957-07-05', '2000-02-17', 'UNI');
insert into ereunitis (onoma, epitheto, fylo, hmeromhnia_gennhshs, hmeromhnia_ergasias, syntomografia) values ('Patten', 'Jostan', 'M', '1954-02-12', '2004-01-02', 'FS');
insert into ereunitis (onoma, epitheto, fylo, hmeromhnia_gennhshs, hmeromhnia_ergasias, syntomografia) values ('Thorvald', 'Plank', 'M', '1959-12-09', '2001-09-20', 'UV');
insert into ereunitis (onoma, epitheto, fylo, hmeromhnia_gennhshs, hmeromhnia_ergasias, syntomografia) values ('Bobbye', 'Warlaw', 'F', '1950-09-13', '2006-07-30', 'USPC');
insert into ereunitis (onoma, epitheto, fylo, hmeromhnia_gennhshs, hmeromhnia_ergasias, syntomografia) values ('Garrett', 'McCreery', 'M', '1983-03-26', '2008-11-01', 'DYUT');
insert into ereunitis (onoma, epitheto, fylo, hmeromhnia_gennhshs, hmeromhnia_ergasias, syntomografia) values ('Thurston', 'Dabrowski', 'M', '1987-02-06', '2002-08-31', 'USPC');
insert into ereunitis (onoma, epitheto, fylo, hmeromhnia_gennhshs, hmeromhnia_ergasias, syntomografia) values ('Jeffy', 'Antonelli', 'M', '1952-11-21', '2000-08-17', 'STPU');
insert into ereunitis (onoma, epitheto, fylo, hmeromhnia_gennhshs, hmeromhnia_ergasias, syntomografia) values ('Fleurette', 'Malster', 'F', '1960-07-21', '2014-02-04', 'RCBOH');
insert into ereunitis (onoma, epitheto, fylo, hmeromhnia_gennhshs, hmeromhnia_ergasias, syntomografia) values ('Fonzie', 'Cleatherow', 'M', '1977-09-03', '2019-12-28', 'UBA');
insert into ereunitis (onoma, epitheto, fylo, hmeromhnia_gennhshs, hmeromhnia_ergasias, syntomografia) values ('Kingsly', 'Fawdrey', 'M', '1983-06-26', '2000-11-21', 'UOM');
insert into ereunitis (onoma, epitheto, fylo, hmeromhnia_gennhshs, hmeromhnia_ergasias, syntomografia) values ('Rubie', 'Riolfi', 'F', '1989-11-07', '2011-03-15', 'WHK');
insert into ereunitis (onoma, epitheto, fylo, hmeromhnia_gennhshs, hmeromhnia_ergasias, syntomografia) values ('Cass', 'Chetwynd', 'F', '1971-03-14', '2001-05-15', 'TUT');
insert into ereunitis (onoma, epitheto, fylo, hmeromhnia_gennhshs, hmeromhnia_ergasias, syntomografia) values ('Augustina', 'Beatty', 'F', '1950-09-17', '2002-01-15', 'NUIG');
insert into ereunitis (onoma, epitheto, fylo, hmeromhnia_gennhshs, hmeromhnia_ergasias, syntomografia) values ('Catriona', 'Hechlin', 'F', '1983-04-07', '2011-02-10', 'MGWC');
insert into ereunitis (onoma, epitheto, fylo, hmeromhnia_gennhshs, hmeromhnia_ergasias, syntomografia) values ('Gussy', 'Kitteridge', 'F', '1965-03-08', '2002-03-02', 'NAUR');
insert into ereunitis (onoma, epitheto, fylo, hmeromhnia_gennhshs, hmeromhnia_ergasias, syntomografia) values ('Etti', 'Barlow', 'F', '1972-07-01', '2012-10-10', 'NWRCP');
insert into ereunitis (onoma, epitheto, fylo, hmeromhnia_gennhshs, hmeromhnia_ergasias, syntomografia) values ('Vonni', 'Whitington', 'F', '1965-12-09', '2020-10-31', 'WHK');
insert into ereunitis (onoma, epitheto, fylo, hmeromhnia_gennhshs, hmeromhnia_ergasias, syntomografia) values ('Diena', 'Reeme', 'F', '1984-09-21', '2019-09-08', 'RCT');
insert into ereunitis (onoma, epitheto, fylo, hmeromhnia_gennhshs, hmeromhnia_ergasias, syntomografia) values ('Huey', 'Adne', 'M', '1984-11-09', '2013-03-11', 'RCBOH');

insert into aksiologisi (bathmos, hmeromhnia, ssn) values (45, '2019-01-02', 8);
insert into aksiologisi (bathmos, hmeromhnia, ssn) values (100, '2019-05-30', 4);
insert into aksiologisi (bathmos, hmeromhnia, ssn) values (94, '2019-02-21', 6);
insert into aksiologisi (bathmos, hmeromhnia, ssn) values (59, '2019-01-27', 2);
insert into aksiologisi (bathmos, hmeromhnia, ssn) values (90, '2019-05-13', 10);
insert into aksiologisi (bathmos, hmeromhnia, ssn) values (36, '2019-01-07', 12);
insert into aksiologisi (bathmos, hmeromhnia, ssn) values (81, '2019-01-13', 14);
insert into aksiologisi (bathmos, hmeromhnia, ssn) values (57, '2019-01-28', 16);
insert into aksiologisi (bathmos, hmeromhnia, ssn) values (83, '2019-03-16', 18);
insert into aksiologisi (bathmos, hmeromhnia, ssn) values (67, '2019-01-02', 24);
insert into aksiologisi (bathmos, hmeromhnia, ssn) values (76, '2019-03-09', 22);
insert into aksiologisi (bathmos, hmeromhnia, ssn) values (54, '2019-05-13', 20);
insert into aksiologisi (bathmos, hmeromhnia, ssn) values (72, '2019-02-24', 26);
insert into aksiologisi (bathmos, hmeromhnia, ssn) values (68, '2019-01-08', 28);
insert into aksiologisi (bathmos, hmeromhnia, ssn) values (95, '2019-04-12', 30);
insert into aksiologisi (bathmos, hmeromhnia, ssn) values (45, '2019-01-11', 32);
insert into aksiologisi (bathmos, hmeromhnia, ssn) values (54, '2019-03-04', 34);
insert into aksiologisi (bathmos, hmeromhnia, ssn) values (34, '2019-04-06', 36);
insert into aksiologisi (bathmos, hmeromhnia, ssn) values (67, '2019-02-22', 15);
insert into aksiologisi (bathmos, hmeromhnia, ssn) values (87, '2019-05-14', 40);
insert into aksiologisi (bathmos, hmeromhnia, ssn) values (34, '2019-03-19', 42);
insert into aksiologisi (bathmos, hmeromhnia, ssn) values (51, '2019-05-12', 44);
insert into aksiologisi (bathmos, hmeromhnia, ssn) values (71, '2019-01-20', 47);
insert into aksiologisi (bathmos, hmeromhnia, ssn) values (59, '2019-04-15', 48);
insert into aksiologisi (bathmos, hmeromhnia, ssn) values (64, '2019-01-03', 50);
insert into aksiologisi (bathmos, hmeromhnia, ssn) values (71, '2019-01-05', 52);
insert into aksiologisi (bathmos, hmeromhnia, ssn) values (39, '2019-05-30', 54);
insert into aksiologisi (bathmos, hmeromhnia, ssn) values (98, '2019-01-26', 56);
insert into aksiologisi (bathmos, hmeromhnia, ssn) values (48, '2019-04-17', 58);
insert into aksiologisi (bathmos, hmeromhnia, ssn) values (45, '2019-04-03', 60);
insert into aksiologisi (bathmos, hmeromhnia, ssn) values (91, '2019-04-02', 62);
insert into aksiologisi (bathmos, hmeromhnia, ssn) values (89, '2019-04-19', 64);
insert into aksiologisi (bathmos, hmeromhnia, ssn) values (63, '2019-03-08', 66);
insert into aksiologisi (bathmos, hmeromhnia, ssn) values (37, '2019-04-24', 68);
insert into aksiologisi (bathmos, hmeromhnia, ssn) values (30, '2019-04-29', 70);
insert into aksiologisi (bathmos, hmeromhnia, ssn) values (50, '2019-03-16', 72);
insert into aksiologisi (bathmos, hmeromhnia, ssn) values (71, '2019-02-26', 74);
insert into aksiologisi (bathmos, hmeromhnia, ssn) values (31, '2019-05-08', 76);
insert into aksiologisi (bathmos, hmeromhnia, ssn) values (94, '2019-03-31', 78);
insert into aksiologisi (bathmos, hmeromhnia, ssn) values (91, '2019-04-16', 80);
insert into aksiologisi (bathmos, hmeromhnia, ssn) values (50, '2019-03-21', 82);
insert into aksiologisi (bathmos, hmeromhnia, ssn) values (38, '2019-01-11', 84);
insert into aksiologisi (bathmos, hmeromhnia, ssn) values (67, '2019-01-11', 86);
insert into aksiologisi (bathmos, hmeromhnia, ssn) values (74, '2019-05-26', 88);
insert into aksiologisi (bathmos, hmeromhnia, ssn) values (99, '2019-02-12', 90);
insert into aksiologisi (bathmos, hmeromhnia, ssn) values (56, '2019-01-16', 92);
insert into aksiologisi (bathmos, hmeromhnia, ssn) values (33, '2019-04-30', 94);
insert into aksiologisi (bathmos, hmeromhnia, ssn) values (64, '2019-03-04', 96);
insert into aksiologisi (bathmos, hmeromhnia, ssn) values (73, '2019-05-04', 98);
insert into aksiologisi (bathmos, hmeromhnia, ssn) values (37, '2019-02-26', 100);
insert into aksiologisi (bathmos, hmeromhnia, ssn) values (83, '2019-03-03', 102);
insert into aksiologisi (bathmos, hmeromhnia, ssn) values (92, '2019-05-18', 104);
insert into aksiologisi (bathmos, hmeromhnia, ssn) values (70, '2019-04-28', 106);
insert into aksiologisi (bathmos, hmeromhnia, ssn) values (64, '2019-04-15', 108);
insert into aksiologisi (bathmos, hmeromhnia, ssn) values (89, '2019-02-17', 1);
insert into aksiologisi (bathmos, hmeromhnia, ssn) values (88, '2019-02-02', 13);
insert into aksiologisi (bathmos, hmeromhnia, ssn) values (100, '2019-01-05', 5);
insert into aksiologisi (bathmos, hmeromhnia, ssn) values (97, '2019-05-04', 7);
insert into aksiologisi (bathmos, hmeromhnia, ssn) values (62, '2019-02-28', 9);
insert into aksiologisi (bathmos, hmeromhnia, ssn) values (44, '2019-05-18', 11);

insert into ergo (titlos, poso, perilipsi, enarksi, liksi, stelexos_id, programma_id, ssn, syntomografia, aksiologisi_id) values ('elit ac nulla sed vel enim sit amet', 963110, 'Pellentesque at nulla. Suspendisse potenti. Cras in purus eu magna vulputate luctus.', '2021-08-20', '2023-10-01', 62, 5, 1, 'KLM', 1);
insert into ergo (titlos, poso, perilipsi, enarksi, liksi, stelexos_id, programma_id, ssn, syntomografia, aksiologisi_id) values ('posuere felis sed lacus morbi', 500230, 'In congue. Etiam justo. Etiam pretium iaculis justo.', '2020-05-17', '2023-05-02', 59, 17, 2, 'KLM', 2);
insert into ergo (titlos, poso, perilipsi, enarksi, liksi, stelexos_id, programma_id, ssn, syntomografia, aksiologisi_id) values ('quis turpis eget elit sodales scelerisque mauris', 240800, 'Maecenas ut massa quis augue luctus tincidunt. Nulla mollis molestie lorem. Quisque ut erat.', '2020-03-12', '2023-08-20', 30, 8, 3, 'UMCE', 3);
insert into ergo (titlos, poso, perilipsi, enarksi, liksi, stelexos_id, programma_id, ssn, syntomografia, aksiologisi_id) values ('congue etiam justo etiam', 412667, 'Proin leo odio, porttitor id, consequat in, consequat ut, nulla. Sed accumsan felis. Ut at dolor quis odio consequat varius.', '2020-09-15', '2023-10-04', 59, 14, 4, 'DTIT', 4);
insert into ergo (titlos, poso, perilipsi, enarksi, liksi, stelexos_id, programma_id, ssn, syntomografia, aksiologisi_id) values ('rhoncus mauris enim leo', 929863, 'Aliquam quis turpis eget elit sodales scelerisque. Mauris sit amet eros. Suspendisse accumsan tortor quis turpis.', '2021-08-07', '2023-06-17', 25, 10, 5, 'RH', 5);
insert into ergo (titlos, poso, perilipsi, enarksi, liksi, stelexos_id, programma_id, ssn, syntomografia, aksiologisi_id) values ('semper porta volutpat quam pede lobortis ligula', 914592, 'Nullam sit amet turpis elementum ligula vehicula consequat. Morbi a ipsum. Integer a nibh.', '2021-10-19', '2023-11-21', 30, 13, 6, 'DYUT', 6);
insert into ergo (titlos, poso, perilipsi, enarksi, liksi, stelexos_id, programma_id, ssn, syntomografia, aksiologisi_id) values ('ridiculus mus vivamus vestibulum sagittis sapien', 512910, 'Nullam sit amet turpis elementum ligula vehicula consequat. Morbi a ipsum. Integer a nibh.', '2020-11-10', '2023-04-01', 53, 19, 7, 'DTIT', 7);
insert into ergo (titlos, poso, perilipsi, enarksi, liksi, stelexos_id, programma_id, ssn, syntomografia, aksiologisi_id) values ('mattis nibh ligula nec', 339217, 'Duis bibendum. Morbi non quam nec dui luctus rutrum. Nulla tellus.', '2021-03-17', '2023-11-08', 58, 6, 8, 'DTIT', 8);
insert into ergo (titlos, poso, perilipsi, enarksi, liksi, stelexos_id, programma_id, ssn, syntomografia, aksiologisi_id) values ('cubilia curae mauris viverra diam vitae quam', 885966, 'Maecenas leo odio, condimentum id, luctus nec, molestie sed, justo. Pellentesque viverra pede ac diam. Cras pellentesque volutpat dui.', '2020-12-30', '2023-01-24', 6, 17, 9, 'BC', 9);
insert into ergo (titlos, poso, perilipsi, enarksi, liksi, stelexos_id, programma_id, ssn, syntomografia, aksiologisi_id) values ('in tempus sit amet', 779808, 'Sed sagittis. Nam congue, risus semper porta volutpat, quam pede lobortis ligula, sit amet eleifend pede libero quis orci. Nullam molestie nibh in lectus.', '2020-11-08', '2023-04-05', 40, 8, 10, 'MGWC', 10);
insert into ergo (titlos, poso, perilipsi, enarksi, liksi, stelexos_id, programma_id, ssn, syntomografia, aksiologisi_id) values ('libero quis orci nullam molestie nibh', 522096, 'Duis aliquam convallis nunc. Proin at turpis a pede posuere nonummy. Integer non velit.', '2021-09-04', '2023-12-14', 50, 9, 11, 'MLUHW', 11);
insert into ergo (titlos, poso, perilipsi, enarksi, liksi, stelexos_id, programma_id, ssn, syntomografia, aksiologisi_id) values ('felis donec semper sapien a', 386840, 'Integer tincidunt ante vel ipsum. Praesent blandit lacinia erat. Vestibulum sed magna at nunc commodo placerat.', '2021-05-24', '2023-09-12', 10, 26, 12, 'KLM', 12);
insert into ergo (titlos, poso, perilipsi, enarksi, liksi, stelexos_id, programma_id, ssn, syntomografia, aksiologisi_id) values ('tortor risus dapibus augue vel accumsan tellus nisi', 219026, 'Sed sagittis. Nam congue, risus semper porta volutpat, quam pede lobortis ligula, sit amet eleifend pede libero quis orci. Nullam molestie nibh in lectus.', '2021-01-20', '2023-11-11', 7, 17, 13, 'TG', 13);
insert into ergo (titlos, poso, perilipsi, enarksi, liksi, stelexos_id, programma_id, ssn, syntomografia, aksiologisi_id) values ('tincidunt in leo maecenas pulvinar lobortis', 535536, 'Proin eu mi. Nulla ac enim. In tempor, turpis nec euismod scelerisque, quam turpis adipiscing lorem, vitae mattis nibh ligula nec sem.', '2020-10-27', '2023-07-05', 62, 21, 14, 'UOM', 14);
insert into ergo (titlos, poso, perilipsi, enarksi, liksi, stelexos_id, programma_id, ssn, syntomografia, aksiologisi_id) values ('blandit non interdum in', 443724, 'Duis bibendum, felis sed interdum venenatis, turpis enim blandit mi, in porttitor pede justo eu massa. Donec dapibus. Duis at velit eu est congue elementum.', '2021-07-14', '2023-11-17', 49, 4, 15, 'SHRC', 15);
insert into ergo (titlos, poso, perilipsi, enarksi, liksi, stelexos_id, programma_id, ssn, syntomografia, aksiologisi_id) values ('justo morbi ut odio cras', 977027, 'Integer tincidunt ante vel ipsum. Praesent blandit lacinia erat. Vestibulum sed magna at nunc commodo placerat.', '2021-02-28', '2023-10-03', 26, 25, 16, 'NRCSP', 16);
insert into ergo (titlos, poso, perilipsi, enarksi, liksi, stelexos_id, programma_id, ssn, syntomografia, aksiologisi_id) values ('aliquam augue quam sollicitudin vitae consectetuer', 220653, 'Cras mi pede, malesuada in, imperdiet et, commodo vulputate, justo. In blandit ultrices enim. Lorem ipsum dolor sit amet, consectetuer adipiscing elit.', '2021-10-01', '2023-01-17', 73, 22, 17, 'BC', 17);
insert into ergo (titlos, poso, perilipsi, enarksi, liksi, stelexos_id, programma_id, ssn, syntomografia, aksiologisi_id) values ('sit amet eros suspendisse accumsan tortor quis turpis', 547400, 'Donec diam neque, vestibulum eget, vulputate ut, ultrices vel, augue. Vestibulum ante ipsum primis in faucibus orci luctus et ultrices posuere cubilia Curae; Donec pharetra, magna vestibulum aliquet ultrices, erat tortor sollicitudin mi, sit amet lobortis sapien sapien non mi. Integer ac neque.', '2020-05-11', '2023-05-02', 20, 22, 18, 'CAO', 18);
insert into ergo (titlos, poso, perilipsi, enarksi, liksi, stelexos_id, programma_id, ssn, syntomografia, aksiologisi_id) values ('ac diam cras pellentesque volutpat dui maecenas tristique', 864781, 'Morbi porttitor lorem id ligula. Suspendisse ornare consequat lectus. In est risus, auctor sed, tristique in, tempus sit amet, sem.', '2020-02-27', '2023-05-23', 19, 1, 19, 'TUT', 19);
insert into ergo (titlos, poso, perilipsi, enarksi, liksi, stelexos_id, programma_id, ssn, syntomografia, aksiologisi_id) values ('ullamcorper purus sit amet nulla quisque arcu libero', 954904, 'Curabitur in libero ut massa volutpat convallis. Morbi odio odio, elementum eu, interdum eu, tincidunt in, leo. Maecenas pulvinar lobortis est.', '2020-03-13', '2023-12-27', 3, 6, 20, 'MGWC', 20);
insert into ergo (titlos, poso, perilipsi, enarksi, liksi, stelexos_id, programma_id, ssn, syntomografia, aksiologisi_id) values ('sed vestibulum sit amet cursus id turpis integer', 121933, 'Praesent blandit. Nam nulla. Integer pede justo, lacinia eget, tincidunt eget, tempus vel, pede.', '2020-06-05', '2023-03-25', 54, 13, 21, 'SHRC', 21);
insert into ergo (titlos, poso, perilipsi, enarksi, liksi, stelexos_id, programma_id, ssn, syntomografia, aksiologisi_id) values ('ipsum dolor sit amet', 165412, 'Cum sociis natoque penatibus et magnis dis parturient montes, nascetur ridiculus mus. Vivamus vestibulum sagittis sapien. Cum sociis natoque penatibus et magnis dis parturient montes, nascetur ridiculus mus.', '2021-09-04', '2023-08-23', 28, 9, 22, 'RS', 22);
insert into ergo (titlos, poso, perilipsi, enarksi, liksi, stelexos_id, programma_id, ssn, syntomografia, aksiologisi_id) values ('vulputate ut ultrices vel augue vestibulum', 619168, 'Phasellus sit amet erat. Nulla tempus. Vivamus in felis eu sapien cursus vestibulum.', '2020-09-20', '2023-05-11', 22, 12, 23, 'GCU', 23);
insert into ergo (titlos, poso, perilipsi, enarksi, liksi, stelexos_id, programma_id, ssn, syntomografia, aksiologisi_id) values ('velit donec diam neque vestibulum', 884723, 'Nam ultrices, libero non mattis pulvinar, nulla pede ullamcorper augue, a suscipit nulla elit ac nulla. Sed vel enim sit amet nunc viverra dapibus. Nulla suscipit ligula in lacus.', '2021-05-21', '2023-08-30', 13, 27, 24, 'KLM', 24);
insert into ergo (titlos, poso, perilipsi, enarksi, liksi, stelexos_id, programma_id, ssn, syntomografia, aksiologisi_id) values ('hendrerit at vulputate vitae nisl', 345932, 'Phasellus sit amet erat. Nulla tempus. Vivamus in felis eu sapien cursus vestibulum.', '2020-05-03', '2023-08-13', 60, 8, 25, 'AUE', 25);
insert into ergo (titlos, poso, perilipsi, enarksi, liksi, stelexos_id, programma_id, ssn, syntomografia, aksiologisi_id) values ('nulla neque libero convallis eget eleifend luctus', 663696, 'In quis justo. Maecenas rhoncus aliquam lacus. Morbi quis tortor id nulla ultrices aliquet.', '2021-07-25', '2023-06-15', 43, 18, 26, 'UCI', 26);
insert into ergo (titlos, poso, perilipsi, enarksi, liksi, stelexos_id, programma_id, ssn, syntomografia, aksiologisi_id) values ('luctus nec molestie sed justo pellentesque', 369104, 'Quisque id justo sit amet sapien dignissim vestibulum. Vestibulum ante ipsum primis in faucibus orci luctus et ultrices posuere cubilia Curae; Nulla dapibus dolor vel est. Donec odio justo, sollicitudin ut, suscipit a, feugiat et, eros.', '2020-12-04', '2023-07-10', 20, 9, 27, 'DTIT', 27);
insert into ergo (titlos, poso, perilipsi, enarksi, liksi, stelexos_id, programma_id, ssn, syntomografia, aksiologisi_id) values ('at turpis donec posuere metus vitae', 494980, 'Sed sagittis. Nam congue, risus semper porta volutpat, quam pede lobortis ligula, sit amet eleifend pede libero quis orci. Nullam molestie nibh in lectus.', '2020-11-27', '2023-02-17', 58, 18, 28, 'GCU', 28);
insert into ergo (titlos, poso, perilipsi, enarksi, liksi, stelexos_id, programma_id, ssn, syntomografia, aksiologisi_id) values ('libero nullam sit amet turpis elementum', 719862, 'Nam ultrices, libero non mattis pulvinar, nulla pede ullamcorper augue, a suscipit nulla elit ac nulla. Sed vel enim sit amet nunc viverra dapibus. Nulla suscipit ligula in lacus.', '2020-04-26', '2023-02-21', 28, 26, 29, 'FS', 29);
insert into ergo (titlos, poso, perilipsi, enarksi, liksi, stelexos_id, programma_id, ssn, syntomografia, aksiologisi_id) values ('in imperdiet et commodo', 152233, 'Nullam sit amet turpis elementum ligula vehicula consequat. Morbi a ipsum. Integer a nibh.', '2020-01-02', '2023-04-26', 39, 19, 30, 'MGWC', 30);
insert into ergo (titlos, poso, perilipsi, enarksi, liksi, stelexos_id, programma_id, ssn, syntomografia, aksiologisi_id) values ('nulla ac enim in tempor', 896539, 'In quis justo. Maecenas rhoncus aliquam lacus. Morbi quis tortor id nulla ultrices aliquet.', '2021-01-29', '2023-09-29', 60, 8, 31, 'DYUT', 31);
insert into ergo (titlos, poso, perilipsi, enarksi, liksi, stelexos_id, programma_id, ssn, syntomografia, aksiologisi_id) values ('quisque ut erat curabitur', 220454, 'Duis aliquam convallis nunc. Proin at turpis a pede posuere nonummy. Integer non velit.', '2021-07-20', '2023-01-28', 44, 23, 32, 'CAO', 32);
insert into ergo (titlos, poso, perilipsi, enarksi, liksi, stelexos_id, programma_id, ssn, syntomografia, aksiologisi_id) values ('ipsum primis in faucibus orci luctus', 469434, 'Curabitur gravida nisi at nibh. In hac habitasse platea dictumst. Aliquam augue quam, sollicitudin vitae, consectetuer eget, rutrum at, lorem.', '2020-04-11', '2023-08-28', 26, 28, 33, 'RH', 33);
insert into ergo (titlos, poso, perilipsi, enarksi, liksi, stelexos_id, programma_id, ssn, syntomografia, aksiologisi_id) values ('luctus et ultrices posuere cubilia curae nulla', 136048, 'Cum sociis natoque penatibus et magnis dis parturient montes, nascetur ridiculus mus. Vivamus vestibulum sagittis sapien. Cum sociis natoque penatibus et magnis dis parturient montes, nascetur ridiculus mus.', '2020-01-20', '2023-02-23', 42, 14, 34, 'AUE', 34);
insert into ergo (titlos, poso, perilipsi, enarksi, liksi, stelexos_id, programma_id, ssn, syntomografia, aksiologisi_id) values ('amet diam in magna bibendum imperdiet nullam orci', 380703, 'Proin eu mi. Nulla ac enim. In tempor, turpis nec euismod scelerisque, quam turpis adipiscing lorem, vitae mattis nibh ligula nec sem.', '2021-05-21', '2023-12-07', 58, 15, 35, 'GCU', 35);
insert into ergo (titlos, poso, perilipsi, enarksi, liksi, stelexos_id, programma_id, ssn, syntomografia, aksiologisi_id) values ('arcu adipiscing molestie hendrerit at vulputate vitae nisl', 678067, 'Morbi porttitor lorem id ligula. Suspendisse ornare consequat lectus. In est risus, auctor sed, tristique in, tempus sit amet, sem.', '2020-01-29', '2023-09-17', 44, 29, 36, 'WU', 36);
insert into ergo (titlos, poso, perilipsi, enarksi, liksi, stelexos_id, programma_id, ssn, syntomografia, aksiologisi_id) values ('posuere nonummy integer non velit donec diam neque', 585689, 'Suspendisse potenti. In eleifend quam a odio. In hac habitasse platea dictumst.', '2021-09-09', '2023-07-09', 54, 1, 37, 'GCU', 37);
insert into ergo (titlos, poso, perilipsi, enarksi, liksi, stelexos_id, programma_id, ssn, syntomografia, aksiologisi_id) values ('nullam porttitor lacus at turpis', 304159, 'Maecenas tristique, est et tempus semper, est quam pharetra magna, ac consequat metus sapien ut nunc. Vestibulum ante ipsum primis in faucibus orci luctus et ultrices posuere cubilia Curae; Mauris viverra diam vitae quam. Suspendisse potenti.', '2021-09-03', '2023-08-13', 11, 23, 38, 'UMCE', 38);
insert into ergo (titlos, poso, perilipsi, enarksi, liksi, stelexos_id, programma_id, ssn, syntomografia, aksiologisi_id) values ('praesent blandit nam nulla integer pede', 126577, 'Vestibulum quam sapien, varius ut, blandit non, interdum in, ante. Vestibulum ante ipsum primis in faucibus orci luctus et ultrices posuere cubilia Curae; Duis faucibus accumsan odio. Curabitur convallis.', '2021-06-17', '2023-12-06', 4, 10, 39, 'SRC', 39);
insert into ergo (titlos, poso, perilipsi, enarksi, liksi, stelexos_id, programma_id, ssn, syntomografia, aksiologisi_id) values ('tincidunt eget tempus vel pede morbi porttitor lorem', 552699, 'Praesent blandit. Nam nulla. Integer pede justo, lacinia eget, tincidunt eget, tempus vel, pede.', '2020-03-01', '2023-01-27', 72, 30, 40, 'GCU', 40);
insert into ergo (titlos, poso, perilipsi, enarksi, liksi, stelexos_id, programma_id, ssn, syntomografia, aksiologisi_id) values ('ac diam cras pellentesque volutpat dui', 912862, 'Etiam vel augue. Vestibulum rutrum rutrum neque. Aenean auctor gravida sem.', '2020-12-03', '2023-10-07', 47, 2, 41, 'FS', 41);
insert into ergo (titlos, poso, perilipsi, enarksi, liksi, stelexos_id, programma_id, ssn, syntomografia, aksiologisi_id) values ('aenean fermentum donec ut mauris eget', 842423, 'Nam ultrices, libero non mattis pulvinar, nulla pede ullamcorper augue, a suscipit nulla elit ac nulla. Sed vel enim sit amet nunc viverra dapibus. Nulla suscipit ligula in lacus.', '2020-04-25', '2023-06-08', 26, 6, 42, 'CAO', 42);
insert into ergo (titlos, poso, perilipsi, enarksi, liksi, stelexos_id, programma_id, ssn, syntomografia, aksiologisi_id) values ('cubilia curae nulla dapibus', 720078, 'Maecenas tristique, est et tempus semper, est quam pharetra magna, ac consequat metus sapien ut nunc. Vestibulum ante ipsum primis in faucibus orci luctus et ultrices posuere cubilia Curae; Mauris viverra diam vitae quam. Suspendisse potenti.', '2021-02-16', '2023-10-31', 73, 28, 43, 'RCT', 43);
insert into ergo (titlos, poso, perilipsi, enarksi, liksi, stelexos_id, programma_id, ssn, syntomografia, aksiologisi_id) values ('proin at turpis a', 192639, 'Aenean lectus. Pellentesque eget nunc. Donec quis orci eget orci vehicula condimentum.', '2021-05-31', '2023-07-03', 61, 17, 44, 'RH', 44);
insert into ergo (titlos, poso, perilipsi, enarksi, liksi, stelexos_id, programma_id, ssn, syntomografia, aksiologisi_id) values ('tempor convallis nulla neque libero convallis', 891282, 'Etiam vel augue. Vestibulum rutrum rutrum neque. Aenean auctor gravida sem.', '2020-07-12', '2023-10-27', 49, 21, 45, 'OG', 45);
insert into ergo (titlos, poso, perilipsi, enarksi, liksi, stelexos_id, programma_id, ssn, syntomografia, aksiologisi_id) values ('dui vel nisl duis ac nibh', 682382, 'Vestibulum ac est lacinia nisi venenatis tristique. Fusce congue, diam id ornare imperdiet, sapien urna pretium nisl, ut volutpat sapien arcu sed augue. Aliquam erat volutpat.', '2021-01-13', '2023-10-20', 69, 25, 46, 'GCU', 46);
insert into ergo (titlos, poso, perilipsi, enarksi, liksi, stelexos_id, programma_id, ssn, syntomografia, aksiologisi_id) values ('sollicitudin ut suscipit a feugiat et', 172994, 'Morbi porttitor lorem id ligula. Suspendisse ornare consequat lectus. In est risus, auctor sed, tristique in, tempus sit amet, sem.', '2021-01-06', '2023-05-11', 47, 14, 47, 'RCT', 47);
insert into ergo (titlos, poso, perilipsi, enarksi, liksi, stelexos_id, programma_id, ssn, syntomografia, aksiologisi_id) values ('vestibulum rutrum rutrum neque aenean auctor gravida sem', 311583, 'In hac habitasse platea dictumst. Morbi vestibulum, velit id pretium iaculis, diam erat fermentum justo, nec condimentum neque sapien placerat ante. Nulla justo.', '2020-07-16', '2023-01-01', 33, 7, 48, 'TG', 48);
insert into ergo (titlos, poso, perilipsi, enarksi, liksi, stelexos_id, programma_id, ssn, syntomografia, aksiologisi_id) values ('ut nunc vestibulum ante', 291144, 'Nam ultrices, libero non mattis pulvinar, nulla pede ullamcorper augue, a suscipit nulla elit ac nulla. Sed vel enim sit amet nunc viverra dapibus. Nulla suscipit ligula in lacus.', '2020-08-21', '2023-06-09', 8, 1, 49, 'RCT', 49);
insert into ergo (titlos, poso, perilipsi, enarksi, liksi, stelexos_id, programma_id, ssn, syntomografia, aksiologisi_id) values ('ut odio cras mi', 382908, 'Phasellus in felis. Donec semper sapien a libero. Nam dui.', '2020-08-18', '2023-06-27', 37, 28, 50, 'RCM', 50);
insert into ergo (titlos, poso, perilipsi, enarksi, liksi, stelexos_id, programma_id, ssn, syntomografia, aksiologisi_id) values ('dolor vel est donec', 961110, 'In hac habitasse platea dictumst. Etiam faucibus cursus urna. Ut tellus.', '2020-10-23', '2023-12-16', 12, 9, 51, 'BC', 51);
insert into ergo (titlos, poso, perilipsi, enarksi, liksi, stelexos_id, programma_id, ssn, syntomografia, aksiologisi_id) values ('pretium iaculis justo in hac habitasse', 583312, 'Integer ac leo. Pellentesque ultrices mattis odio. Donec vitae nisi.', '2020-08-27', '2023-03-23', 56, 7, 52, 'BC', 52);
insert into ergo (titlos, poso, perilipsi, enarksi, liksi, stelexos_id, programma_id, ssn, syntomografia, aksiologisi_id) values ('dui vel nisl duis ac nibh fusce', 889584, 'Mauris enim leo, rhoncus sed, vestibulum sit amet, cursus id, turpis. Integer aliquet, massa id lobortis convallis, tortor risus dapibus augue, vel accumsan tellus nisi eu orci. Mauris lacinia sapien quis libero.', '2021-05-01', '2023-04-07', 20, 17, 53, 'RCBOH', 53);
insert into ergo (titlos, poso, perilipsi, enarksi, liksi, stelexos_id, programma_id, ssn, syntomografia, aksiologisi_id) values ('id turpis integer aliquet massa id lobortis', 774379, 'In hac habitasse platea dictumst. Etiam faucibus cursus urna. Ut tellus.', '2020-06-17', '2023-08-11', 32, 6, 54, 'USPC', 54);
insert into ergo (titlos, poso, perilipsi, enarksi, liksi, stelexos_id, programma_id, ssn, syntomografia, aksiologisi_id) values ('enim in tempor turpis nec euismod', 827052, 'Nullam porttitor lacus at turpis. Donec posuere metus vitae ipsum. Aliquam non mauris.', '2021-12-04', '2023-11-14', 45, 10, 55, 'OG', 55);
insert into ergo (titlos, poso, perilipsi, enarksi, liksi, stelexos_id, programma_id, ssn, syntomografia, aksiologisi_id) values ('justo in blandit ultrices enim', 154899, 'Cum sociis natoque penatibus et magnis dis parturient montes, nascetur ridiculus mus. Vivamus vestibulum sagittis sapien. Cum sociis natoque penatibus et magnis dis parturient montes, nascetur ridiculus mus.', '2020-09-09', '2023-05-11', 20, 5, 56, 'MLUHW', 56);
insert into ergo (titlos, poso, perilipsi, enarksi, liksi, stelexos_id, programma_id, ssn, syntomografia, aksiologisi_id) values ('luctus et ultrices posuere cubilia curae nulla dapibus', 277867, 'Proin eu mi. Nulla ac enim. In tempor, turpis nec euismod scelerisque, quam turpis adipiscing lorem, vitae mattis nibh ligula nec sem.', '2021-04-07', '2023-12-05', 13, 20, 57, 'UMCE', 57);
insert into ergo (titlos, poso, perilipsi, enarksi, liksi, stelexos_id, programma_id, ssn, syntomografia, aksiologisi_id) values ('dolor quis odio consequat', 337884, 'Praesent id massa id nisl venenatis lacinia. Aenean sit amet justo. Morbi ut odio.', '2021-02-18', '2023-09-07', 64, 12, 58, 'NUIG', 58);
insert into ergo (titlos, poso, perilipsi, enarksi, liksi, stelexos_id, programma_id, ssn, syntomografia, aksiologisi_id) values ('nulla facilisi cras non velit nec', 274637, 'Vestibulum quam sapien, varius ut, blandit non, interdum in, ante. Vestibulum ante ipsum primis in faucibus orci luctus et ultrices posuere cubilia Curae; Duis faucibus accumsan odio. Curabitur convallis.', '2021-04-16', '2023-05-25', 41, 12, 59, 'UCI', 59);
insert into ergo (titlos, poso, perilipsi, enarksi, liksi, stelexos_id, programma_id, ssn, syntomografia, aksiologisi_id) values ('consequat nulla nisl nunc nisl duis bibendum felis', 186390, 'In hac habitasse platea dictumst. Morbi vestibulum, velit id pretium iaculis, diam erat fermentum justo, nec condimentum neque sapien placerat ante. Nulla justo.', '2021-01-18', '2023-06-21', 73, 12, 60, 'DTIT', 60);


insert into paradoteo (titlos_paradoteou, perilipsi_paradoteou, hm_paradoshs, ergo_id) values ('mattis pulvinar nulla pede ullamcorper', 'Proin leo odio, porttitor id, consequat in, consequat ut, nulla. Sed accumsan felis. Ut at dolor quis odio consequat varius.', '2021-02-24', 9);
insert into paradoteo (titlos_paradoteou, perilipsi_paradoteou, hm_paradoshs, ergo_id) values ('in magna bibendum imperdiet nullam orci pede venenatis', 'Maecenas leo odio, condimentum id, luctus nec, molestie sed, justo. Pellentesque viverra pede ac diam. Cras pellentesque volutpat dui.', '2021-10-10', 29);
insert into paradoteo (titlos_paradoteou, perilipsi_paradoteou, hm_paradoshs, ergo_id) values ('at feugiat non pretium', 'Duis aliquam convallis nunc. Proin at turpis a pede posuere nonummy. Integer non velit.', '2021-12-07', 3);
insert into paradoteo (titlos_paradoteou, perilipsi_paradoteou, hm_paradoshs, ergo_id) values ('luctus et ultrices posuere cubilia curae', 'Maecenas tristique, est et tempus semper, est quam pharetra magna, ac consequat metus sapien ut nunc. Vestibulum ante ipsum primis in faucibus orci luctus et ultrices posuere cubilia Curae; Mauris viverra diam vitae quam. Suspendisse potenti.', '2021-05-16', 3);
insert into paradoteo (titlos_paradoteou, perilipsi_paradoteou, hm_paradoshs, ergo_id) values ('metus vitae ipsum aliquam non mauris morbi non', 'Curabitur gravida nisi at nibh. In hac habitasse platea dictumst. Aliquam augue quam, sollicitudin vitae, consectetuer eget, rutrum at, lorem.', '2021-07-21', 11);
insert into paradoteo (titlos_paradoteou, perilipsi_paradoteou, hm_paradoshs, ergo_id) values ('sodales sed tincidunt eu', 'Cras non velit nec nisi vulputate nonummy. Maecenas tincidunt lacus at velit. Vivamus vel nulla eget eros elementum pellentesque.', '2021-05-01', 42);
insert into paradoteo (titlos_paradoteou, perilipsi_paradoteou, hm_paradoshs, ergo_id) values ('luctus cum sociis natoque penatibus et magnis', 'Duis aliquam convallis nunc. Proin at turpis a pede posuere nonummy. Integer non velit.', '2021-10-14', 8);
insert into paradoteo (titlos_paradoteou, perilipsi_paradoteou, hm_paradoshs, ergo_id) values ('accumsan felis ut at dolor quis odio', 'Sed sagittis. Nam congue, risus semper porta volutpat, quam pede lobortis ligula, sit amet eleifend pede libero quis orci. Nullam molestie nibh in lectus.', '2021-05-16', 46);
insert into paradoteo (titlos_paradoteou, perilipsi_paradoteou, hm_paradoshs, ergo_id) values ('curabitur convallis duis consequat dui nec', 'Duis aliquam convallis nunc. Proin at turpis a pede posuere nonummy. Integer non velit.', '2021-06-17', 32);
insert into paradoteo (titlos_paradoteou, perilipsi_paradoteou, hm_paradoshs, ergo_id) values ('integer tincidunt ante vel ipsum', 'Morbi porttitor lorem id ligula. Suspendisse ornare consequat lectus. In est risus, auctor sed, tristique in, tempus sit amet, sem.', '2021-11-12', 5);
insert into paradoteo (titlos_paradoteou, perilipsi_paradoteou, hm_paradoshs, ergo_id) values ('luctus et ultrices posuere cubilia curae duis faucibus', 'Cum sociis natoque penatibus et magnis dis parturient montes, nascetur ridiculus mus. Vivamus vestibulum sagittis sapien. Cum sociis natoque penatibus et magnis dis parturient montes, nascetur ridiculus mus.', '2021-05-12', 5);
insert into paradoteo (titlos_paradoteou, perilipsi_paradoteou, hm_paradoshs, ergo_id) values ('sociis natoque penatibus et magnis dis parturient montes', 'Proin eu mi. Nulla ac enim. In tempor, turpis nec euismod scelerisque, quam turpis adipiscing lorem, vitae mattis nibh ligula nec sem.', '2021-03-23', 18);
insert into paradoteo (titlos_paradoteou, perilipsi_paradoteou, hm_paradoshs, ergo_id) values ('leo odio condimentum id', 'Nulla ut erat id mauris vulputate elementum. Nullam varius. Nulla facilisi.', '2021-12-16', 20);
insert into paradoteo (titlos_paradoteou, perilipsi_paradoteou, hm_paradoshs, ergo_id) values ('pede libero quis orci nullam molestie nibh in', 'Duis bibendum. Morbi non quam nec dui luctus rutrum. Nulla tellus.', '2021-02-02', 15);
insert into paradoteo (titlos_paradoteou, perilipsi_paradoteou, hm_paradoshs, ergo_id) values ('quam pharetra magna ac consequat', 'Proin interdum mauris non ligula pellentesque ultrices. Phasellus id sapien in sapien iaculis congue. Vivamus metus arcu, adipiscing molestie, hendrerit at, vulputate vitae, nisl.', '2021-05-05', 9);
insert into paradoteo (titlos_paradoteou, perilipsi_paradoteou, hm_paradoshs, ergo_id) values ('aliquam convallis nunc proin at', 'Curabitur in libero ut massa volutpat convallis. Morbi odio odio, elementum eu, interdum eu, tincidunt in, leo. Maecenas pulvinar lobortis est.', '2021-03-05', 26);
insert into paradoteo (titlos_paradoteou, perilipsi_paradoteou, hm_paradoshs, ergo_id) values ('nulla neque libero convallis eget', 'Praesent id massa id nisl venenatis lacinia. Aenean sit amet justo. Morbi ut odio.', '2021-08-12', 17);
insert into paradoteo (titlos_paradoteou, perilipsi_paradoteou, hm_paradoshs, ergo_id) values ('duis bibendum felis sed interdum', 'In congue. Etiam justo. Etiam pretium iaculis justo.', '2021-10-26', 49);
insert into paradoteo (titlos_paradoteou, perilipsi_paradoteou, hm_paradoshs, ergo_id) values ('turpis nec euismod scelerisque', 'Fusce consequat. Nulla nisl. Nunc nisl.', '2021-05-06', 42);
insert into paradoteo (titlos_paradoteou, perilipsi_paradoteou, hm_paradoshs, ergo_id) values ('in est risus auctor', 'Fusce consequat. Nulla nisl. Nunc nisl.', '2021-11-04', 30);

insert into epist_pediou_ergou (ergo_id, onoma_epist_pediou) values (1, 'Nano-technology');
insert into epist_pediou_ergou (ergo_id, onoma_epist_pediou) values (2, 'Physical science');
insert into epist_pediou_ergou (ergo_id, onoma_epist_pediou) values (3, 'Agriculture Forestry and Fisheries');
insert into epist_pediou_ergou (ergo_id, onoma_epist_pediou) values (4, 'Mathematics');
insert into epist_pediou_ergou (ergo_id, onoma_epist_pediou) values (5, 'Agriculture Forestry and Fisheries');
insert into epist_pediou_ergou (ergo_id, onoma_epist_pediou) values (6, 'Computer and information sciences');
insert into epist_pediou_ergou (ergo_id, onoma_epist_pediou) values (7, 'Clinical medicine');
insert into epist_pediou_ergou (ergo_id, onoma_epist_pediou) values (8, 'Clinical medicine');
insert into epist_pediou_ergou (ergo_id, onoma_epist_pediou) values (9, 'Industrial biotechnology');
insert into epist_pediou_ergou (ergo_id, onoma_epist_pediou) values (10, 'Mathematics');
insert into epist_pediou_ergou (ergo_id, onoma_epist_pediou) values (11, 'Mathematics');
insert into epist_pediou_ergou (ergo_id, onoma_epist_pediou) values (12, 'Biological science');
insert into epist_pediou_ergou (ergo_id, onoma_epist_pediou) values (13, 'Earth and related Environmental sciences');
insert into epist_pediou_ergou (ergo_id, onoma_epist_pediou) values (14, 'Clinical medicine');
insert into epist_pediou_ergou (ergo_id, onoma_epist_pediou) values (15, 'Earth and related Environmental sciences');
insert into epist_pediou_ergou (ergo_id, onoma_epist_pediou) values (16, 'Agriculture Forestry and Fisheries');
insert into epist_pediou_ergou (ergo_id, onoma_epist_pediou) values (17, 'Clinical medicine');
insert into epist_pediou_ergou (ergo_id, onoma_epist_pediou) values (18, 'Physical science');
insert into epist_pediou_ergou (ergo_id, onoma_epist_pediou) values (19, 'Clinical medicine');
insert into epist_pediou_ergou (ergo_id, onoma_epist_pediou) values (20, 'Computer and information sciences');
insert into epist_pediou_ergou (ergo_id, onoma_epist_pediou) values (21, 'Industrial biotechnology');
insert into epist_pediou_ergou (ergo_id, onoma_epist_pediou) values (22, 'Industrial biotechnology');
insert into epist_pediou_ergou (ergo_id, onoma_epist_pediou) values (23, 'Physical science');
insert into epist_pediou_ergou (ergo_id, onoma_epist_pediou) values (24, 'Mathematics');
insert into epist_pediou_ergou (ergo_id, onoma_epist_pediou) values (25, 'Nano-technology');
insert into epist_pediou_ergou (ergo_id, onoma_epist_pediou) values (26, 'Clinical medicine');
insert into epist_pediou_ergou (ergo_id, onoma_epist_pediou) values (27, 'Computer and information sciences');
insert into epist_pediou_ergou (ergo_id, onoma_epist_pediou) values (28, 'Biological science');
insert into epist_pediou_ergou (ergo_id, onoma_epist_pediou) values (29, 'Nano-technology');
insert into epist_pediou_ergou (ergo_id, onoma_epist_pediou) values (30, 'Computer and information sciences');
insert into epist_pediou_ergou (ergo_id, onoma_epist_pediou) values (31, 'Physical science');
insert into epist_pediou_ergou (ergo_id, onoma_epist_pediou) values (32, 'Biological science');
insert into epist_pediou_ergou (ergo_id, onoma_epist_pediou) values (33, 'Physical science');
insert into epist_pediou_ergou (ergo_id, onoma_epist_pediou) values (34, 'Chemical sciences');
insert into epist_pediou_ergou (ergo_id, onoma_epist_pediou) values (35, 'Biological science');
insert into epist_pediou_ergou (ergo_id, onoma_epist_pediou) values (36, 'Clinical medicine');
insert into epist_pediou_ergou (ergo_id, onoma_epist_pediou) values (37, 'Clinical medicine');
insert into epist_pediou_ergou (ergo_id, onoma_epist_pediou) values (38, 'Earth and related Environmental sciences');
insert into epist_pediou_ergou (ergo_id, onoma_epist_pediou) values (39, 'Chemical sciences');
insert into epist_pediou_ergou (ergo_id, onoma_epist_pediou) values (40, 'Computer and information sciences');
insert into epist_pediou_ergou (ergo_id, onoma_epist_pediou) values (41, 'Agriculture Forestry and Fisheries');
insert into epist_pediou_ergou (ergo_id, onoma_epist_pediou) values (42, 'Nano-technology');
insert into epist_pediou_ergou (ergo_id, onoma_epist_pediou) values (43, 'Nano-technology');
insert into epist_pediou_ergou (ergo_id, onoma_epist_pediou) values (44, 'Biological science');
insert into epist_pediou_ergou (ergo_id, onoma_epist_pediou) values (45, 'Mathematics');
insert into epist_pediou_ergou (ergo_id, onoma_epist_pediou) values (46, 'Clinical medicine');
insert into epist_pediou_ergou (ergo_id, onoma_epist_pediou) values (47, 'Mathematics');
insert into epist_pediou_ergou (ergo_id, onoma_epist_pediou) values (48, 'Nano-technology');
insert into epist_pediou_ergou (ergo_id, onoma_epist_pediou) values (49, 'Chemical sciences');
insert into epist_pediou_ergou (ergo_id, onoma_epist_pediou) values (50, 'Agriculture Forestry and Fisheries');
insert into epist_pediou_ergou (ergo_id, onoma_epist_pediou) values (51, 'Chemical sciences');
insert into epist_pediou_ergou (ergo_id, onoma_epist_pediou) values (52, 'Clinical medicine');
insert into epist_pediou_ergou (ergo_id, onoma_epist_pediou) values (53, 'Clinical medicine');
insert into epist_pediou_ergou (ergo_id, onoma_epist_pediou) values (54, 'Nano-technology');
insert into epist_pediou_ergou (ergo_id, onoma_epist_pediou) values (55, 'Earth and related Environmental sciences');
insert into epist_pediou_ergou (ergo_id, onoma_epist_pediou) values (56, 'Chemical sciences');
insert into epist_pediou_ergou (ergo_id, onoma_epist_pediou) values (57, 'Clinical medicine');
insert into epist_pediou_ergou (ergo_id, onoma_epist_pediou) values (58, 'Industrial biotechnology');
insert into epist_pediou_ergou (ergo_id, onoma_epist_pediou) values (59, 'Earth and related Environmental sciences');
insert into epist_pediou_ergou (ergo_id, onoma_epist_pediou) values (60, 'Mathematics');
insert into epist_pediou_ergou (onoma_epist_pediou, ergo_id) values ('Clinical medicine', 33);
insert into epist_pediou_ergou (onoma_epist_pediou, ergo_id) values ('Computer and information sciences', 34);
insert into epist_pediou_ergou (onoma_epist_pediou, ergo_id) values ('Industrial biotechnology', 59);
insert into epist_pediou_ergou (onoma_epist_pediou, ergo_id) values ('Nano-technology', 12);
insert into epist_pediou_ergou (onoma_epist_pediou, ergo_id) values ('Mathematics', 19);
insert into epist_pediou_ergou (onoma_epist_pediou, ergo_id) values ('Industrial biotechnology', 54);
insert into epist_pediou_ergou (onoma_epist_pediou, ergo_id) values ('Agriculture Forestry and Fisheries', 43);
insert into epist_pediou_ergou (onoma_epist_pediou, ergo_id) values ('Earth and related Environmental sciences', 30);
insert into epist_pediou_ergou (onoma_epist_pediou, ergo_id) values ('Biological science', 23);
insert into epist_pediou_ergou (onoma_epist_pediou, ergo_id) values ('Nano-technology', 60);
insert into epist_pediou_ergou (onoma_epist_pediou, ergo_id) values ('Computer and information sciences', 44);
insert into epist_pediou_ergou (onoma_epist_pediou, ergo_id) values ('Mathematics', 7);
insert into epist_pediou_ergou (onoma_epist_pediou, ergo_id) values ('Agriculture Forestry and Fisheries', 8);
insert into epist_pediou_ergou (onoma_epist_pediou, ergo_id) values ('Biological science', 29);
insert into epist_pediou_ergou (onoma_epist_pediou, ergo_id) values ('Mathematics', 52);
insert into epist_pediou_ergou (onoma_epist_pediou, ergo_id) values ('Computer and information sciences', 55);
insert into epist_pediou_ergou (onoma_epist_pediou, ergo_id) values ('Physical science', 39);
insert into epist_pediou_ergou (onoma_epist_pediou, ergo_id) values ('Mathematics', 46);
insert into epist_pediou_ergou (onoma_epist_pediou, ergo_id) values ('Biological science', 19);
insert into epist_pediou_ergou (onoma_epist_pediou, ergo_id) values ('Physical science', 14);
insert into epist_pediou_ergou (onoma_epist_pediou, ergo_id) values ('Physical science', 50);
insert into epist_pediou_ergou (onoma_epist_pediou, ergo_id) values ('Biological science', 30);
insert into epist_pediou_ergou (onoma_epist_pediou, ergo_id) values ('Biological science', 50);
insert into epist_pediou_ergou (onoma_epist_pediou, ergo_id) values ('Earth and related Environmental sciences', 1);
insert into epist_pediou_ergou (onoma_epist_pediou, ergo_id) values ('Chemical sciences', 33);
insert into epist_pediou_ergou (onoma_epist_pediou, ergo_id) values ('Industrial biotechnology', 11);
insert into epist_pediou_ergou (onoma_epist_pediou, ergo_id) values ('Chemical sciences', 35);
insert into epist_pediou_ergou (onoma_epist_pediou, ergo_id) values ('Industrial biotechnology', 10);
insert into epist_pediou_ergou (onoma_epist_pediou, ergo_id) values ('Computer and information sciences', 35);
insert into epist_pediou_ergou (onoma_epist_pediou, ergo_id) values ('Nano-technology', 50);

insert into ergazetai_se_ergo (ergo_id, ssn) values (1, 1);
insert into ergazetai_se_ergo (ergo_id, ssn) values (2, 2);
insert into ergazetai_se_ergo (ergo_id, ssn) values (3, 3);
insert into ergazetai_se_ergo (ergo_id, ssn) values (4, 4);
insert into ergazetai_se_ergo (ergo_id, ssn) values (5, 5);
insert into ergazetai_se_ergo (ergo_id, ssn) values (6, 6);
insert into ergazetai_se_ergo (ergo_id, ssn) values (7, 7);
insert into ergazetai_se_ergo (ergo_id, ssn) values (8, 8);
insert into ergazetai_se_ergo (ergo_id, ssn) values (9, 9);
insert into ergazetai_se_ergo (ergo_id, ssn) values (10, 10);
insert into ergazetai_se_ergo (ergo_id, ssn) values (11, 11);
insert into ergazetai_se_ergo (ergo_id, ssn) values (12, 12);
insert into ergazetai_se_ergo (ergo_id, ssn) values (13, 13);
insert into ergazetai_se_ergo (ergo_id, ssn) values (14, 14);
insert into ergazetai_se_ergo (ergo_id, ssn) values (15, 15);
insert into ergazetai_se_ergo (ergo_id, ssn) values (16, 16);
insert into ergazetai_se_ergo (ergo_id, ssn) values (17, 17);
insert into ergazetai_se_ergo (ergo_id, ssn) values (18, 18);
insert into ergazetai_se_ergo (ergo_id, ssn) values (19, 19);
insert into ergazetai_se_ergo (ergo_id, ssn) values (20, 20);
insert into ergazetai_se_ergo (ergo_id, ssn) values (21, 21);
insert into ergazetai_se_ergo (ergo_id, ssn) values (22, 22);
insert into ergazetai_se_ergo (ergo_id, ssn) values (23, 23);
insert into ergazetai_se_ergo (ergo_id, ssn) values (24, 24);
insert into ergazetai_se_ergo (ergo_id, ssn) values (25, 25);
insert into ergazetai_se_ergo (ergo_id, ssn) values (26, 26);
insert into ergazetai_se_ergo (ergo_id, ssn) values (27, 27);
insert into ergazetai_se_ergo (ergo_id, ssn) values (28, 28);
insert into ergazetai_se_ergo (ergo_id, ssn) values (29, 29);
insert into ergazetai_se_ergo (ergo_id, ssn) values (30, 30);
insert into ergazetai_se_ergo (ergo_id, ssn) values (31, 31);
insert into ergazetai_se_ergo (ergo_id, ssn) values (32, 32);
insert into ergazetai_se_ergo (ergo_id, ssn) values (33, 33);
insert into ergazetai_se_ergo (ergo_id, ssn) values (34, 34);
insert into ergazetai_se_ergo (ergo_id, ssn) values (35, 35);
insert into ergazetai_se_ergo (ergo_id, ssn) values (36, 36);
insert into ergazetai_se_ergo (ergo_id, ssn) values (37, 37);
insert into ergazetai_se_ergo (ergo_id, ssn) values (38, 38);
insert into ergazetai_se_ergo (ergo_id, ssn) values (39, 39);
insert into ergazetai_se_ergo (ergo_id, ssn) values (40, 40);
insert into ergazetai_se_ergo (ergo_id, ssn) values (41, 41);
insert into ergazetai_se_ergo (ergo_id, ssn) values (42, 42);
insert into ergazetai_se_ergo (ergo_id, ssn) values (43, 43);
insert into ergazetai_se_ergo (ergo_id, ssn) values (44, 44);
insert into ergazetai_se_ergo (ergo_id, ssn) values (45, 45);
insert into ergazetai_se_ergo (ergo_id, ssn) values (46, 46);
insert into ergazetai_se_ergo (ergo_id, ssn) values (47, 47);
insert into ergazetai_se_ergo (ergo_id, ssn) values (48, 48);
insert into ergazetai_se_ergo (ergo_id, ssn) values (49, 49);
insert into ergazetai_se_ergo (ergo_id, ssn) values (50, 50);
insert into ergazetai_se_ergo (ergo_id, ssn) values (51, 51);
insert into ergazetai_se_ergo (ergo_id, ssn) values (52, 52);
insert into ergazetai_se_ergo (ergo_id, ssn) values (53, 53);
insert into ergazetai_se_ergo (ergo_id, ssn) values (54, 54);
insert into ergazetai_se_ergo (ergo_id, ssn) values (55, 55);
insert into ergazetai_se_ergo (ergo_id, ssn) values (56, 56);
insert into ergazetai_se_ergo (ergo_id, ssn) values (57, 57);
insert into ergazetai_se_ergo (ergo_id, ssn) values (58, 58);
insert into ergazetai_se_ergo (ergo_id, ssn) values (59, 59);
insert into ergazetai_se_ergo (ergo_id, ssn) values (60, 60);
insert into ergazetai_se_ergo (ergo_id, ssn) values (13, 65);
insert into ergazetai_se_ergo (ergo_id, ssn) values (48, 65);
insert into ergazetai_se_ergo (ergo_id, ssn) values (36, 66);
insert into ergazetai_se_ergo (ergo_id, ssn) values (9, 68);
insert into ergazetai_se_ergo (ergo_id, ssn) values (17, 68);
insert into ergazetai_se_ergo (ergo_id, ssn) values (51, 68);
insert into ergazetai_se_ergo (ergo_id, ssn) values (52, 68);
insert into ergazetai_se_ergo (ergo_id, ssn) values (10, 69);
insert into ergazetai_se_ergo (ergo_id, ssn) values (20, 69);
insert into ergazetai_se_ergo (ergo_id, ssn) values (30, 69);
insert into ergazetai_se_ergo (ergo_id, ssn) values (29, 70);
insert into ergazetai_se_ergo (ergo_id, ssn) values (41, 70);
insert into ergazetai_se_ergo (ergo_id, ssn) values (14, 72);
insert into ergazetai_se_ergo (ergo_id, ssn) values (43, 73);
insert into ergazetai_se_ergo (ergo_id, ssn) values (47, 73);
insert into ergazetai_se_ergo (ergo_id, ssn) values (49, 73);
insert into ergazetai_se_ergo (ergo_id, ssn) values (4, 74);
insert into ergazetai_se_ergo (ergo_id, ssn) values (7, 74);
insert into ergazetai_se_ergo (ergo_id, ssn) values (8, 74);
insert into ergazetai_se_ergo (ergo_id, ssn) values (27, 74);
insert into ergazetai_se_ergo (ergo_id, ssn) values (60, 74);
insert into ergazetai_se_ergo (ergo_id, ssn) values (9, 75);
insert into ergazetai_se_ergo (ergo_id, ssn) values (17, 75);
insert into ergazetai_se_ergo (ergo_id, ssn) values (51, 75);
insert into ergazetai_se_ergo (ergo_id, ssn) values (52, 75);
insert into ergazetai_se_ergo (ergo_id, ssn) values (58, 76);
insert into ergazetai_se_ergo (ergo_id, ssn) values (5, 78);
insert into ergazetai_se_ergo (ergo_id, ssn) values (33, 78);
insert into ergazetai_se_ergo (ergo_id, ssn) values (44, 78);
insert into ergazetai_se_ergo (ergo_id, ssn) values (10, 79);
insert into ergazetai_se_ergo (ergo_id, ssn) values (20, 79);
insert into ergazetai_se_ergo (ergo_id, ssn) values (30, 79);
insert into ergazetai_se_ergo (ergo_id, ssn) values (29, 80);
insert into ergazetai_se_ergo (ergo_id, ssn) values (41, 80);
insert into ergazetai_se_ergo (ergo_id, ssn) values (45, 81);
insert into ergazetai_se_ergo (ergo_id, ssn) values (55, 81);
insert into ergazetai_se_ergo (ergo_id, ssn) values (36, 82);
insert into ergazetai_se_ergo (ergo_id, ssn) values (14, 83);
insert into ergazetai_se_ergo (ergo_id, ssn) values (10, 85);
insert into ergazetai_se_ergo (ergo_id, ssn) values (20, 85);
insert into ergazetai_se_ergo (ergo_id, ssn) values (30, 85);
insert into ergazetai_se_ergo (ergo_id, ssn) values (29, 88);
insert into ergazetai_se_ergo (ergo_id, ssn) values (41, 88);
insert into ergazetai_se_ergo (ergo_id, ssn) values (11, 90);
insert into ergazetai_se_ergo (ergo_id, ssn) values (56, 90);
insert into ergazetai_se_ergo (ergo_id, ssn) values (13, 91);
insert into ergazetai_se_ergo (ergo_id, ssn) values (48, 91);
insert into ergazetai_se_ergo (ergo_id, ssn) values (29, 93);
insert into ergazetai_se_ergo (ergo_id, ssn) values (41, 93);
insert into ergazetai_se_ergo (ergo_id, ssn) values (54, 95);
insert into ergazetai_se_ergo (ergo_id, ssn) values (6, 96);
insert into ergazetai_se_ergo (ergo_id, ssn) values (31, 96);
insert into ergazetai_se_ergo (ergo_id, ssn) values (54, 97);
insert into ergazetai_se_ergo (ergo_id, ssn) values (53, 99);
insert into ergazetai_se_ergo (ergo_id, ssn) values (14, 101);
insert into ergazetai_se_ergo (ergo_id, ssn) values (19, 103);
insert into ergazetai_se_ergo (ergo_id, ssn) values (58, 104);
insert into ergazetai_se_ergo (ergo_id, ssn) values (10, 105);
insert into ergazetai_se_ergo (ergo_id, ssn) values (20, 105);
insert into ergazetai_se_ergo (ergo_id, ssn) values (30, 105);
insert into ergazetai_se_ergo (ergo_id, ssn) values (43, 109);
insert into ergazetai_se_ergo (ergo_id, ssn) values (47, 109);
insert into ergazetai_se_ergo (ergo_id, ssn) values (49, 109);
insert into ergazetai_se_ergo (ergo_id, ssn) values (53, 110);
