insert into epist_pedio (onoma_epist_pediou) values ('Mathematics');
insert into epist_pedio (onoma_epist_pediou) values ('Computer and information sciences');
insert into epist_pedio (onoma_epist_pediou) values ('Physical science');
insert into epist_pedio (onoma_epist_pediou) values ('Chemical sciences');
insert into epist_pedio (onoma_epist_pediou) values ('Earth and related Environmental sciences');
insert into epist_pedio (onoma_epist_pediou) values ('Biological science');
insert into epist_pedio (onoma_epist_pediou) values ('Industrial biotechnology');
insert into epist_pedio (onoma_epist_pediou) values ('Agriculture, Forestry, and Fisheries');
insert into epist_pedio (onoma_epist_pediou) values ('Clinical medicine');
insert into epist_pedio (onoma_epist_pediou) values ('Nano-technology');

insert into stelexos (onoma_stelexous) values ('Adriane Hubbis');
insert into stelexos (onoma_stelexous) values ('Flo Noen');
insert into stelexos (onoma_stelexous) values ('Rosabelle Carnson');
insert into stelexos (onoma_stelexous) values ('Lorin Orpen');
insert into stelexos (onoma_stelexous) values ('Etty Pizey');
insert into stelexos (onoma_stelexous) values ('Berna Hazael');
insert into stelexos (onoma_stelexous) values ('Dulcine Lathaye');
insert into stelexos (onoma_stelexous) values ('Ilka Dake');
insert into stelexos (onoma_stelexous) values ('Kathe Friar');
insert into stelexos (onoma_stelexous) values ('Suzanna Barrick');
insert into stelexos (onoma_stelexous) values ('Agata Petti');
insert into stelexos (onoma_stelexous) values ('Lyon Maxfield');
insert into stelexos (onoma_stelexous) values ('Lani Casterot');
insert into stelexos (onoma_stelexous) values ('Mariquilla Robson');
insert into stelexos (onoma_stelexous) values ('Theressa Gladdin');
insert into stelexos (onoma_stelexous) values ('Ginni Imesson');
insert into stelexos (onoma_stelexous) values ('Melamie Keningley');
insert into stelexos (onoma_stelexous) values ('Binnie Aldin');
insert into stelexos (onoma_stelexous) values ('Ardelia Raspin');
insert into stelexos (onoma_stelexous) values ('Gerrie Loadsman');
insert into stelexos (onoma_stelexous) values ('Louis Prosek');
insert into stelexos (onoma_stelexous) values ('Marne Lorand');
insert into stelexos (onoma_stelexous) values ('Ricoriki Regina');
insert into stelexos (onoma_stelexous) values ('Linnie O'' Lone');
insert into stelexos (onoma_stelexous) values ('Ginny Tresise');
insert into stelexos (onoma_stelexous) values ('Libby Rowthorne');
insert into stelexos (onoma_stelexous) values ('Homer Vivien');
insert into stelexos (onoma_stelexous) values ('Candace Bolt');
insert into stelexos (onoma_stelexous) values ('Tamara Kefford');
insert into stelexos (onoma_stelexous) values ('Marcy Gerg');
insert into stelexos (onoma_stelexous) values ('Marlee Petre');
insert into stelexos (onoma_stelexous) values ('Rowney Blencoe');
insert into stelexos (onoma_stelexous) values ('Rogerio Trevett');
insert into stelexos (onoma_stelexous) values ('Joyous Hunnaball');
insert into stelexos (onoma_stelexous) values ('Maison Juanes');
insert into stelexos (onoma_stelexous) values ('Reg Martinet');
insert into stelexos (onoma_stelexous) values ('Matty Owers');
insert into stelexos (onoma_stelexous) values ('Davidson Jefferson');
insert into stelexos (onoma_stelexous) values ('Dannel Rabley');
insert into stelexos (onoma_stelexous) values ('Benjamen Glanfield');
insert into stelexos (onoma_stelexous) values ('Allys Muncey');
insert into stelexos (onoma_stelexous) values ('Pedro Buxey');
insert into stelexos (onoma_stelexous) values ('Farris Dyster');
insert into stelexos (onoma_stelexous) values ('Bald Doyle');
insert into stelexos (onoma_stelexous) values ('Milka Keel');
insert into stelexos (onoma_stelexous) values ('Lilla Jina');
insert into stelexos (onoma_stelexous) values ('Ronald Salvin');
insert into stelexos (onoma_stelexous) values ('Fancy Farlowe');
insert into stelexos (onoma_stelexous) values ('Rebekkah Cescoti');
insert into stelexos (onoma_stelexous) values ('Ephraim Bourton');
insert into stelexos (onoma_stelexous) values ('Ashlie Dudman');
insert into stelexos (onoma_stelexous) values ('Flint Maria');
insert into stelexos (onoma_stelexous) values ('Jessalin Morrice');
insert into stelexos (onoma_stelexous) values ('Jerrilee Briddle');
insert into stelexos (onoma_stelexous) values ('Fey Teaz');
insert into stelexos (onoma_stelexous) values ('Cinnamon Caras');
insert into stelexos (onoma_stelexous) values ('Cody Lapwood');
insert into stelexos (onoma_stelexous) values ('Clerkclaude Mordaunt');
insert into stelexos (onoma_stelexous) values ('Tawsha Spilsbury');
insert into stelexos (onoma_stelexous) values ('Amelina Ferschke');
insert into stelexos (onoma_stelexous) values ('Frankie Kondratenko');
insert into stelexos (onoma_stelexous) values ('Alfreda Valerius');
insert into stelexos (onoma_stelexous) values ('Pauly Rikard');
insert into stelexos (onoma_stelexous) values ('Ancell Hanner');
insert into stelexos (onoma_stelexous) values ('Liv McKinless');
insert into stelexos (onoma_stelexous) values ('Shela D''Alessio');
insert into stelexos (onoma_stelexous) values ('Felicio Ferre');
insert into stelexos (onoma_stelexous) values ('Randell Coping');
insert into stelexos (onoma_stelexous) values ('Belvia Woollcott');
insert into stelexos (onoma_stelexous) values ('Delmore Escalero');
insert into stelexos (onoma_stelexous) values ('Marylee Buttle');
insert into stelexos (onoma_stelexous) values ('Gav Towriss');
insert into stelexos (onoma_stelexous) values ('Stefa Craighill');
insert into stelexos (onoma_stelexous) values ('Lovell Robbings');
insert into stelexos (onoma_stelexous) values ('Jasmine Whitsun');

insert into programma (dieuthinsi_programmatos, onoma_programmatos) values ('Δ/νση Διαχείρισης έργων Αγροδιατροφή και Βιομηχανία τροφίμων', 'Cu mea impetus omittantur');
insert into programma (dieuthinsi_programmatos, onoma_programmatos) values ('Δ/νση Διαχείρισης έργων Περιβάλλον και Βιώσιμη Ανάπτυξη', 'Liber dolorem persecuti an mei' );
insert into programma (dieuthinsi_programmatos, onoma_programmatos) values ('Δ/νση Σχεδιασμού και Προγραμματισμού', 'malis sententiae percipitur' );
insert into programma (dieuthinsi_programmatos, onoma_programmatos) values ('Δ/νση Σχεδιασμού Δράσεων Καινοτομίας', 'ex mundi labore');
insert into programma (dieuthinsi_programmatos, onoma_programmatos) values ('Δ/νση Διαχείρισης και Παρακολούθησης Προγραμμάτων', 'malorum delicatissimi');
insert into programma (dieuthinsi_programmatos, onoma_programmatos) values ('Δ/νση Δράσης Επιστήμη και Κοινωνία', ' ei mel tation convenire');
insert into programma (dieuthinsi_programmatos, onoma_programmatos) values ('Δ/νση Διαχείρισης έργων Τουρισμού και Εστίασης', 'Ei his purto tation');
insert into programma (dieuthinsi_programmatos, onoma_programmatos) values ('Δ/νση Δράσεων Ισότητας Φύλων', 'e velit commodo pertinax');
insert into programma (dieuthinsi_programmatos, onoma_programmatos) values ('Δ/νση Δράσεων ΑΠΕ', 'qui unum liber');
insert into programma (dieuthinsi_programmatos, onoma_programmatos) values ('Δ/νση Δράσεων Ορυκτού Πλούτου', 'rationibus an');
INSERT INTO programma (dieuthinsi_programmatos, onoma_programmatos) VALUES ('Doloribus dicta numquam fuga repudiandae dolores voluptatem quidem.','Atque harum fugit et officia voluptatum.'),('Earum cupiditate nulla officiis sit qui impedit non.','Atque qui unde et adipisci totam.'),('Sed non odit sunt dolorem id.','Aut eum quia velit deserunt.'),('Ad qui quia qui numquam iusto ea.','Consequatur qui sunt corrupti eius expedita doloremque quis.'),('Molestias ut inventore ratione.','Cupiditate necessitatibus ipsum odit facere eos et.'),('Dolore quas magni ut incidunt.','Debitis molestias labore atque dicta.'),('At et quibusdam velit neque velit.','Deserunt sequi sint doloremque similique repellat sint minima minus.'),('Earum nostrum voluptatem delectus dolore nostrum et qui.','Dolore qui aut deleniti voluptatem.'),('Sit non veritatis consectetur iusto repellat aut.','Dolorem aliquid enim ab aliquid mollitia quam.'),('Aliquid autem sint porro temporibus doloremque voluptatem est placeat.','Eligendi quia mollitia error earum repudiandae ut.'),('Aut temporibus ab minus dolorem temporibus eos pariatur.','Et quibusdam id sint beatae odit et.'),('Iusto vel molestiae quod magnam expedita.','Et sit ab tempore dolorum rerum asperiores.'),('Vero ea mollitia qui repellendus eos adipisci.','Et voluptatum enim omnis labore.'),('Ratione cum voluptatibus ducimus ea.','Eveniet similique accusantium et odio animi optio magnam.'),('Numquam consequatur ea beatae ad.','Hic omnis consequatur tenetur omnis aut ea inventore.'),('Sed sit vitae fuga ullam quas ut.','Iusto illum quia nihil mollitia voluptatem amet id aliquam.'),('Commodi et blanditiis id ut ut.','Quia suscipit ut sunt sapiente beatae doloremque.'),('Itaque dolores ipsa hic odit autem et.','Quia temporibus totam provident qui ut.'),('Aut placeat expedita eaque ipsum.','Quia totam voluptatum dolore non numquam magnam.'),('Dolorem quia voluptatem repellat et id in deserunt.','Voluptate perspiciatis sint voluptas sunt tenetur eius velit ducimus.');


insert into organismos (syntomografia, onoma, odos, tk, polh) values ('RAS', 'Renner and Sons', '0229 Prentice Pass', 99852, 'Magok');
insert into organismos (syntomografia, onoma, odos, tk, polh) values ('RS', 'Reinger-Schiller', '2444 Hanover Crossing', 87456, 'Shanhaiguan');
insert into organismos (syntomografia, onoma, odos, tk, polh) values ('MI', 'Mueller Inc', '70341 Amoth Circle', 12387, 'Waso');
insert into organismos (syntomografia, onoma, odos, tk, polh) values ('OG', 'Osinski-Gleason', '412 Nova Circle', 56485, 'Telagasari');
insert into organismos (syntomografia, onoma, odos, tk, polh) values ('TG', 'Trantow Group', '03455 Waywood Parkway', '50090', 'Santa Clara');
insert into organismos (syntomografia, onoma, odos, tk, polh) values ('HD', 'Hintz-Denesik', '2 Duke Street', 12132, 'Santa Rita');
insert into organismos (syntomografia, onoma, odos, tk, polh) values ('FS', 'Feeney and Sons', '1 Burning Wood Alley', '88930', 'Benito Juarez');
insert into organismos (syntomografia, onoma, odos, tk, polh) values ('KLM', 'Keebler, Lind and Murray', '08351 Orin Place', 'V14', 'Rathdrum');
insert into organismos (syntomografia, onoma, odos, tk, polh) values ('WHK', 'Wolf, Hodkiewicz and Kulas', '9846 Saint Paul Place', 35468, 'Jiamaogong');
insert into organismos (syntomografia, onoma, odos, tk, polh) values ('BC', 'Balistreri-Connelly', '68259 Corscot Plaza', '368418', 'Bezhta');
insert into organismos (syntomografia, onoma, odos, tk, polh) values ('USPC', 'University of the South Pacific Centre', '3498 Morningstar Crossing', '10754', 'Masindi');
insert into organismos (syntomografia, onoma, odos, tk, polh) values ('CIS', 'College in Sládkovičovo', '60 Ryan Trail', '81623', 'Bayamo');
insert into organismos (syntomografia, onoma, odos, tk, polh) values ('UOM', 'University of Mostar', '890 Coleman Junction', '66127', 'Sarishabari');
insert into organismos (syntomografia, onoma, odos, tk, polh) values ('MGWC', 'Miyagi Gakuin Women''s College', '1736 Kennedy Trail', '18689', 'Al Qadmus');
insert into organismos (syntomografia, onoma, odos, tk, polh) values ('RH', 'Reinhardt College', '603 Sage Circle', '51770', 'Anle');
insert into organismos (syntomografia, onoma, odos, tk, polh) values ('MLUHW', 'Martin-Luther Universität Halle-Wittenberg', '22630 Warrior Circle', '65554', 'Su dong');
insert into organismos (syntomografia, onoma, odos, tk, polh) values ('UMCE', 'Universidad Metropolitana de Ciencias de la Educación', '1 Bashford Point', '13458', 'Duiwelskloof');
insert into organismos (syntomografia, onoma, odos, tk, polh) values ('UBA', 'Universidad Bicentenaria de Aragua', '9 Nelson Parkway', '30399', 'Lexington');
insert into organismos (syntomografia, onoma, odos, tk, polh) values ('TUT', 'Technological University (Taungoo)', '689 Ramsey Place', '64539', 'Pinhais');
insert into organismos (syntomografia, onoma, odos, tk, polh) values ('STPU', 'St. Paul University', '571 Coolidge Avenue', '88633', 'Tamiyah');
insert into organismos (syntomografia, onoma, odos, tk, polh) values ('WU', 'Willamette University', '19 South Junction', '17528', 'Saint-Brieuc');
insert into organismos (syntomografia, onoma, odos, tk, polh) values ('AUE', 'American University in the Emirates', '2 Mariners Cove Point', '25589', 'Ligatne');
insert into organismos (syntomografia, onoma, odos, tk, polh) values ('UV', 'Universidad de Valladolid', '682 Declaration Junction', '02906', 'Tantou');
insert into organismos (syntomografia, onoma, odos, tk, polh) values ('NAUR', 'National American University, Roseville', '9170 Fieldstone Point', '43360', 'Zibu');
insert into organismos (syntomografia, onoma, odos, tk, polh) values ('NUIG', 'National University of Ireland, Galway', '79 Browning Junction', '43376', 'Qiqing');
insert into organismos (syntomografia, onoma, odos, tk, polh) values ('GCU', 'GC University', '141 Thompson Pass', '76905', 'Sheze');
insert into organismos (syntomografia, onoma, odos, tk, polh) values ('RWC', 'Roberts Wesleyan College', '08 Daystar Circle', '95053', 'Jinqu');
insert into organismos (syntomografia, onoma, odos, tk, polh) values ('DYUT', 'Dong Yang University of Technology', '0940 Hoffman Lane', '38399', 'New York City');
insert into organismos (syntomografia, onoma, odos, tk, polh) values ('UNI', 'University of Northern Iowa', '6586 Carpenter Court', '65853', 'Sidokumpul');
insert into organismos (syntomografia, onoma, odos, tk, polh) values ('UCI', 'University of California, Irvine', '41018 Oneill Court', '98603', 'Joao Pessoa');
insert into organismos (syntomografia, onoma, odos, tk, polh) values ('HRC', 'Huron Research Center', '9057 Kim Place', '30398', 'Linqu');
insert into organismos (syntomografia, onoma, odos, tk, polh) values ('RCBOH', 'Research Center Bernardo O''Higgins', '48 Schlimgen Street', '86645', 'Machinga');
insert into organismos (syntomografia, onoma, odos, tk, polh) values ('RCT', 'Research Center of Tabuk', '92 Miller Court', '01246', 'Dawuhan');
insert into organismos (syntomografia, onoma, odos, tk, polh) values ('SRC', 'Shizuoka Research Center', '7 Oak Drive', '79930', 'Vaughan');
insert into organismos (syntomografia, onoma, odos, tk, polh) values ('NRCSP', 'Northwestern Research Center St. Paul', '0 Arapahoe Avenue', '07326', 'Wanurian');
insert into organismos (syntomografia, onoma, odos, tk, polh) values ('NWRCP', 'Northwestern Research Center of the Philippines', '257 Bartillon Court', '20410', 'Malibago');
insert into organismos (syntomografia, onoma, odos, tk, polh) values ('DTIT', 'Darul Takzim Institute of Technology', '3 Eagle Crest Road', '41141', 'Baidoa');
insert into organismos (syntomografia, onoma, odos, tk, polh) values ('CAO', 'Center Autonoma de Occidente', '609 Menomonie Circle', '82098', 'Yonglong');
insert into organismos (syntomografia, onoma, odos, tk, polh) values ('RCM', 'Research Center of Macedonia', '7608 Ridge Oak Way', '88083', 'Damayan');
insert into organismos (syntomografia, onoma, odos, tk, polh) values ('SHRC', 'Shendi Research Center', '5 Starling Circle', '20790', 'Sumurgeneng');

insert into panephstimio (syntomografia, proypologismos_yp) values ('USPC', '5144673');
insert into panephstimio (syntomografia, proypologismos_yp) values ('CIS', '9217384');
insert into panephstimio (syntomografia, proypologismos_yp) values ('UOM', '8315900');
insert into panephstimio (syntomografia, proypologismos_yp) values ('MGWC', '5636656');
insert into panephstimio (syntomografia, proypologismos_yp) values ('RH', '1342623');
insert into panephstimio (syntomografia, proypologismos_yp) values ('MLUHW', '1797789');
insert into panephstimio (syntomografia, proypologismos_yp) values ('UMCE', '6786076');
insert into panephstimio (syntomografia, proypologismos_yp) values ('UBA', '9111824');
insert into panephstimio (syntomografia, proypologismos_yp) values ('TUT', '1978240');
insert into panephstimio (syntomografia, proypologismos_yp) values ('STPU', '7423540');
insert into panephstimio (syntomografia, proypologismos_yp) values ('WU', '5590681');
insert into panephstimio (syntomografia, proypologismos_yp) values ('AUE', '7432079');
insert into panephstimio (syntomografia, proypologismos_yp) values ('UV', '5959668');
insert into panephstimio (syntomografia, proypologismos_yp) values ('NAUR', '2197480');
insert into panephstimio (syntomografia, proypologismos_yp) values ('NUIG', '4269765');
insert into panephstimio (syntomografia, proypologismos_yp) values ('GCU', '7145545');
insert into panephstimio (syntomografia, proypologismos_yp) values ('RWC', '7751032');
insert into panephstimio (syntomografia, proypologismos_yp) values ('DYUT', '8711761');
insert into panephstimio (syntomografia, proypologismos_yp) values ('UNI', '2082377');
insert into panephstimio (syntomografia, proypologismos_yp) values ('UCI', '9395856');

insert into etairia (syntomografia, idia_kefalaia) values ('RAS', '9174579');
insert into etairia (syntomografia, idia_kefalaia) values ('RS', '3503209');
insert into etairia (syntomografia, idia_kefalaia) values ('MI', '8930835');
insert into etairia (syntomografia, idia_kefalaia) values ('OG', '5676048');
insert into etairia (syntomografia, idia_kefalaia) values ('TG', '6842720');
insert into etairia (syntomografia, idia_kefalaia) values ('HD', '5377500');
insert into etairia (syntomografia, idia_kefalaia) values ('FS', '2245375');
insert into etairia (syntomografia, idia_kefalaia) values ('KLM', '8960295');
insert into etairia (syntomografia, idia_kefalaia) values ('WHK', '5805549');
insert into etairia (syntomografia, idia_kefalaia) values ('BC', '6146038');

insert into er_kentro (syntomografia, proypologimos_yp, proypologismos_id) values ('HRC', '478103', '512541');
insert into er_kentro (syntomografia, proypologimos_yp, proypologismos_id) values ('RCBOH', '905661', '816038');
insert into er_kentro (syntomografia, proypologimos_yp, proypologismos_id) values ('RCT', '941355', '761994');
insert into er_kentro (syntomografia, proypologimos_yp, proypologismos_id) values ('SRC', '627884', '160386');
insert into er_kentro (syntomografia, proypologimos_yp, proypologismos_id) values ('NRCSP', '083648', '370130');
insert into er_kentro (syntomografia, proypologimos_yp, proypologismos_id) values ('NWRCP', '613960', '452025');
insert into er_kentro (syntomografia, proypologimos_yp, proypologismos_id) values ('DTIT', '301856', '196136');
insert into er_kentro (syntomografia, proypologimos_yp, proypologismos_id) values ('CAO', '961269', '709851');
insert into er_kentro (syntomografia, proypologimos_yp, proypologismos_id) values ('RCM', '296080', '440030');
insert into er_kentro (syntomografia, proypologimos_yp, proypologismos_id) values ('SHRC', '763184', '621537');

insert into organismos_thlefwna (thlefwna, syntomografia) values ('9635066304', 'USPC');
insert into organismos_thlefwna (thlefwna, syntomografia) values ('5161589164', 'CIS');
insert into organismos_thlefwna (thlefwna, syntomografia) values ('9333235226', 'UOM');
insert into organismos_thlefwna (thlefwna, syntomografia) values ('9986481680', 'MGWC');
insert into organismos_thlefwna (thlefwna, syntomografia) values ('6073105824', 'RH');
insert into organismos_thlefwna (thlefwna, syntomografia) values ('2868700577', 'MLUHW');
insert into organismos_thlefwna (thlefwna, syntomografia) values ('9100626794', 'UMCE');
insert into organismos_thlefwna (thlefwna, syntomografia) values ('4207425678', 'UBA');
insert into organismos_thlefwna (thlefwna, syntomografia) values ('3353785380', 'TUT');
insert into organismos_thlefwna (thlefwna, syntomografia) values ('7424122522', 'STPU');
insert into organismos_thlefwna (thlefwna, syntomografia) values ('8586190376', 'WU');
insert into organismos_thlefwna (thlefwna, syntomografia) values ('9687584042', 'AUE');
insert into organismos_thlefwna (thlefwna, syntomografia) values ('2703414094', 'UV');
insert into organismos_thlefwna (thlefwna, syntomografia) values ('3991031033', 'NAUR');
insert into organismos_thlefwna (thlefwna, syntomografia) values ('5081502686', 'NUIG');
insert into organismos_thlefwna (thlefwna, syntomografia) values ('9722879339', 'GCU');
insert into organismos_thlefwna (thlefwna, syntomografia) values ('4105502474', 'RWC');
insert into organismos_thlefwna (thlefwna, syntomografia) values ('8623802338', 'DYUT');
insert into organismos_thlefwna (thlefwna, syntomografia) values ('2683932358', 'UNI');
insert into organismos_thlefwna (thlefwna, syntomografia) values ('7982246060', 'UCI');
insert into organismos_thlefwna (thlefwna, syntomografia) values ('3898821245', 'RAS');
insert into organismos_thlefwna (thlefwna, syntomografia) values ('8980034059', 'RS');
insert into organismos_thlefwna (thlefwna, syntomografia) values ('2061925466', 'MI');
insert into organismos_thlefwna (thlefwna, syntomografia) values ('8232438678', 'OG');
insert into organismos_thlefwna (thlefwna, syntomografia) values ('3523214015', 'TG');
insert into organismos_thlefwna (thlefwna, syntomografia) values ('7686293365', 'HD');
insert into organismos_thlefwna (thlefwna, syntomografia) values ('0828222678', 'FS');
insert into organismos_thlefwna (thlefwna, syntomografia) values ('0443430566', 'KLM');
insert into organismos_thlefwna (thlefwna, syntomografia) values ('8096103152', 'WHK');
insert into organismos_thlefwna (thlefwna, syntomografia) values ('5140747040', 'BC');
insert into organismos_thlefwna (thlefwna, syntomografia) values ('9972442501', 'HRC');
insert into organismos_thlefwna (thlefwna, syntomografia) values ('0879529553', 'RCBOH');
insert into organismos_thlefwna (thlefwna, syntomografia) values ('9478231697', 'RCT');
insert into organismos_thlefwna (thlefwna, syntomografia) values ('8718974791', 'SRC');
insert into organismos_thlefwna (thlefwna, syntomografia) values ('9798326183', 'NRCSP');
insert into organismos_thlefwna (thlefwna, syntomografia) values ('5731104678', 'NWRCP');
insert into organismos_thlefwna (thlefwna, syntomografia) values ('0017123040', 'DTIT');
insert into organismos_thlefwna (thlefwna, syntomografia) values ('2262524236', 'CAO');
insert into organismos_thlefwna (thlefwna, syntomografia) values ('6529176679', 'RCM');
insert into organismos_thlefwna (thlefwna, syntomografia) values ('1371927527', 'SHRC');
insert into organismos_thlefwna (thlefwna, syntomografia) values ('8024798040', 'USPC');
insert into organismos_thlefwna (thlefwna, syntomografia) values ('7860907578', 'CIS');
insert into organismos_thlefwna (thlefwna, syntomografia) values ('9785898617', 'UOM');
insert into organismos_thlefwna (thlefwna, syntomografia) values ('4597245169', 'MGWC');
insert into organismos_thlefwna (thlefwna, syntomografia) values ('6472160666', 'RH');
insert into organismos_thlefwna (thlefwna, syntomografia) values ('3879925515', 'MLUHW');
insert into organismos_thlefwna (thlefwna, syntomografia) values ('4497519914', 'UMCE');
insert into organismos_thlefwna (thlefwna, syntomografia) values ('9280704374', 'UBA');
insert into organismos_thlefwna (thlefwna, syntomografia) values ('5979140970', 'TUT');
insert into organismos_thlefwna (thlefwna, syntomografia) values ('3233725818', 'STPU');
insert into organismos_thlefwna (thlefwna, syntomografia) values ('8957879857', 'WU');
insert into organismos_thlefwna (thlefwna, syntomografia) values ('6366120905', 'AUE');
insert into organismos_thlefwna (thlefwna, syntomografia) values ('5003334422', 'UV');
insert into organismos_thlefwna (thlefwna, syntomografia) values ('2789993004', 'NAUR');
insert into organismos_thlefwna (thlefwna, syntomografia) values ('7978208593', 'NUIG');
insert into organismos_thlefwna (thlefwna, syntomografia) values ('2472951853', 'GCU');
insert into organismos_thlefwna (thlefwna, syntomografia) values ('4112146921', 'RWC');
insert into organismos_thlefwna (thlefwna, syntomografia) values ('6768173820', 'DYUT');
insert into organismos_thlefwna (thlefwna, syntomografia) values ('6515714360', 'UNI');
insert into organismos_thlefwna (thlefwna, syntomografia) values ('1476607646', 'UCI');

insert into ereunitis (onoma, epitheto, fylo, hmeromhnia_gennhshs, hmeromhnia_ergasias, syntomografia) values ('Christian', 'Trent', 'F', '1967-12-01', '2017-03-19', 'KLM');
insert into ereunitis (onoma, epitheto, fylo, hmeromhnia_gennhshs, hmeromhnia_ergasias, syntomografia) values ('Aldous', 'Cavie', 'M', '1986-06-04', '2008-12-04', 'KLM');
insert into ereunitis (onoma, epitheto, fylo, hmeromhnia_gennhshs, hmeromhnia_ergasias, syntomografia) values ('Tad', 'Whimper', 'M', '1977-12-04', '2007-01-05', 'UMCE');
insert into ereunitis (onoma, epitheto, fylo, hmeromhnia_gennhshs, hmeromhnia_ergasias, syntomografia) values ('Norene', 'O''Logan', 'F', '1986-06-24', '2021-12-11', 'DTIT');
insert into ereunitis (onoma, epitheto, fylo, hmeromhnia_gennhshs, hmeromhnia_ergasias, syntomografia) values ('Barnett', 'Deeson', 'M', '1982-02-11', '2001-02-18', 'RH');
insert into ereunitis (onoma, epitheto, fylo, hmeromhnia_gennhshs, hmeromhnia_ergasias, syntomografia) values ('Mariam', 'MacAless', 'F', '1977-11-20', '2007-04-17', 'DYUT');
insert into ereunitis (onoma, epitheto, fylo, hmeromhnia_gennhshs, hmeromhnia_ergasias, syntomografia) values ('Fleurette', 'McIsaac', 'F', '1951-10-15', '2010-07-28', 'DTIT');
insert into ereunitis (onoma, epitheto, fylo, hmeromhnia_gennhshs, hmeromhnia_ergasias, syntomografia) values ('Drugi', 'Bengtsson', 'M', '1978-11-19', '2017-06-17', 'DTIT');
insert into ereunitis (onoma, epitheto, fylo, hmeromhnia_gennhshs, hmeromhnia_ergasias, syntomografia) values ('Rayner', 'Shear', 'M', '1973-02-05', '2006-02-19', 'BC');
insert into ereunitis (onoma, epitheto, fylo, hmeromhnia_gennhshs, hmeromhnia_ergasias, syntomografia) values ('Benedick', 'Autie', 'M', '1982-02-22', '2017-04-27', 'MGWC');
insert into ereunitis (onoma, epitheto, fylo, hmeromhnia_gennhshs, hmeromhnia_ergasias, syntomografia) values ('Susy', 'Sadat', 'F', '1980-06-29', '2003-07-14', 'MLUHW');
insert into ereunitis (onoma, epitheto, fylo, hmeromhnia_gennhshs, hmeromhnia_ergasias, syntomografia) values ('Saba', 'Pipping', 'F', '1967-10-26', '2010-09-07', 'KLM');
insert into ereunitis (onoma, epitheto, fylo, hmeromhnia_gennhshs, hmeromhnia_ergasias, syntomografia) values ('Ester', 'Junkison', 'F', '1962-03-12', '2010-09-13', 'TG');
insert into ereunitis (onoma, epitheto, fylo, hmeromhnia_gennhshs, hmeromhnia_ergasias, syntomografia) values ('Goddart', 'Deners', 'M', '1978-11-26', '2016-03-20', 'UOM');
insert into ereunitis (onoma, epitheto, fylo, hmeromhnia_gennhshs, hmeromhnia_ergasias, syntomografia) values ('Jens', 'Bendan', 'M', '1957-01-23', '2017-10-11', 'SHRC');
insert into ereunitis (onoma, epitheto, fylo, hmeromhnia_gennhshs, hmeromhnia_ergasias, syntomografia) values ('Tedie', 'Yeude', 'M', '1960-11-02', '2000-01-30', 'NRCSP');
insert into ereunitis (onoma, epitheto, fylo, hmeromhnia_gennhshs, hmeromhnia_ergasias, syntomografia) values ('Lynnett', 'Fibben', 'F', '1964-06-13', '2001-06-10', 'BC');
insert into ereunitis (onoma, epitheto, fylo, hmeromhnia_gennhshs, hmeromhnia_ergasias, syntomografia) values ('Noland', 'Raiman', 'M', '1961-02-25', '2004-05-25', 'CAO');
insert into ereunitis (onoma, epitheto, fylo, hmeromhnia_gennhshs, hmeromhnia_ergasias, syntomografia) values ('Mirna', 'Nussii', 'F', '1969-12-03', '2019-10-06', 'TUT');
insert into ereunitis (onoma, epitheto, fylo, hmeromhnia_gennhshs, hmeromhnia_ergasias, syntomografia) values ('Bernie', 'Iskowicz', 'F', '1986-04-06', '2019-03-31', 'MGWC');
insert into ereunitis (onoma, epitheto, fylo, hmeromhnia_gennhshs, hmeromhnia_ergasias, syntomografia) values ('Tanney', 'Atcock', 'M', '1978-11-04', '2005-07-07', 'SHRC');
insert into ereunitis (onoma, epitheto, fylo, hmeromhnia_gennhshs, hmeromhnia_ergasias, syntomografia) values ('Krishna', 'Bendix', 'M', '1986-02-11', '2003-10-15', 'RS');
insert into ereunitis (onoma, epitheto, fylo, hmeromhnia_gennhshs, hmeromhnia_ergasias, syntomografia) values ('Piggy', 'Combe', 'M', '1977-01-14', '2018-08-18', 'GCU');
insert into ereunitis (onoma, epitheto, fylo, hmeromhnia_gennhshs, hmeromhnia_ergasias, syntomografia) values ('Quinton', 'Goracci', 'M', '1955-01-15', '2015-01-01', 'KLM');
insert into ereunitis (onoma, epitheto, fylo, hmeromhnia_gennhshs, hmeromhnia_ergasias, syntomografia) values ('Ivonne', 'Carstairs', 'F', '1959-11-29', '2012-12-04', 'AUE');
insert into ereunitis (onoma, epitheto, fylo, hmeromhnia_gennhshs, hmeromhnia_ergasias, syntomografia) values ('Mackenzie', 'Paolinelli', 'M', '1950-04-23', '2018-10-02', 'UCI');
insert into ereunitis (onoma, epitheto, fylo, hmeromhnia_gennhshs, hmeromhnia_ergasias, syntomografia) values ('Monique', 'Bancroft', 'F', '1962-02-09', '2000-02-16', 'DTIT');
insert into ereunitis (onoma, epitheto, fylo, hmeromhnia_gennhshs, hmeromhnia_ergasias, syntomografia) values ('Chilton', 'Edmans', 'M', '1958-10-23', '2022-02-23', 'GCU');
insert into ereunitis (onoma, epitheto, fylo, hmeromhnia_gennhshs, hmeromhnia_ergasias, syntomografia) values ('Cedric', 'Hymas', 'M', '1975-08-11', '2003-04-21', 'FS');
insert into ereunitis (onoma, epitheto, fylo, hmeromhnia_gennhshs, hmeromhnia_ergasias, syntomografia) values ('Sybila', 'Olivazzi', 'F', '1969-06-30', '2008-04-25', 'MGWC');
insert into ereunitis (onoma, epitheto, fylo, hmeromhnia_gennhshs, hmeromhnia_ergasias, syntomografia) values ('Fraze', 'Learmount', 'M', '1974-02-28', '2019-06-21', 'DYUT');
insert into ereunitis (onoma, epitheto, fylo, hmeromhnia_gennhshs, hmeromhnia_ergasias, syntomografia) values ('Karlene', 'Gley', 'F', '1975-09-01', '2010-08-15', 'CAO');
insert into ereunitis (onoma, epitheto, fylo, hmeromhnia_gennhshs, hmeromhnia_ergasias, syntomografia) values ('Daniele', 'Baggaley', 'F', '1989-04-17', '2001-07-21', 'RH');
insert into ereunitis (onoma, epitheto, fylo, hmeromhnia_gennhshs, hmeromhnia_ergasias, syntomografia) values ('Agustin', 'Ranner', 'M', '1968-06-07', '2018-06-04', 'AUE');
insert into ereunitis (onoma, epitheto, fylo, hmeromhnia_gennhshs, hmeromhnia_ergasias, syntomografia) values ('Petronilla', 'Labbez', 'F', '1961-08-17', '2004-08-28', 'GCU');
insert into ereunitis (onoma, epitheto, fylo, hmeromhnia_gennhshs, hmeromhnia_ergasias, syntomografia) values ('Fina', 'Haime', 'F', '1984-04-23', '2022-02-08', 'WU');
insert into ereunitis (onoma, epitheto, fylo, hmeromhnia_gennhshs, hmeromhnia_ergasias, syntomografia) values ('Isacco', 'Prendeguest', 'M', '1981-08-31', '2011-07-21', 'GCU');
insert into ereunitis (onoma, epitheto, fylo, hmeromhnia_gennhshs, hmeromhnia_ergasias, syntomografia) values ('Shannah', 'Sakins', 'F', '1958-03-08', '2008-09-26', 'UMCE');
insert into ereunitis (onoma, epitheto, fylo, hmeromhnia_gennhshs, hmeromhnia_ergasias, syntomografia) values ('Christye', 'Kilbourne', 'F', '1950-03-23', '2014-10-27', 'SRC');
insert into ereunitis (onoma, epitheto, fylo, hmeromhnia_gennhshs, hmeromhnia_ergasias, syntomografia) values ('Agnola', 'Dikels', 'F', '1958-06-10', '2021-08-10', 'GCU');
insert into ereunitis (onoma, epitheto, fylo, hmeromhnia_gennhshs, hmeromhnia_ergasias, syntomografia) values ('Randolf', 'Wiggall', 'M', '1958-07-20', '2003-05-06', 'FS');
insert into ereunitis (onoma, epitheto, fylo, hmeromhnia_gennhshs, hmeromhnia_ergasias, syntomografia) values ('Lucas', 'Genn', 'M', '1976-10-31', '2007-01-07', 'CAO');
insert into ereunitis (onoma, epitheto, fylo, hmeromhnia_gennhshs, hmeromhnia_ergasias, syntomografia) values ('Jeana', 'Barlee', 'F', '1965-07-29', '2001-09-25', 'RCT');
insert into ereunitis (onoma, epitheto, fylo, hmeromhnia_gennhshs, hmeromhnia_ergasias, syntomografia) values ('Marlowe', 'Littell', 'M', '1958-11-28', '2011-09-19', 'RH');
insert into ereunitis (onoma, epitheto, fylo, hmeromhnia_gennhshs, hmeromhnia_ergasias, syntomografia) values ('Sileas', 'Attwool', 'F', '1982-11-08', '2003-09-07', 'OG');
insert into ereunitis (onoma, epitheto, fylo, hmeromhnia_gennhshs, hmeromhnia_ergasias, syntomografia) values ('Tracy', 'Blaxill', 'M', '1961-10-30', '2017-01-17', 'GCU');
insert into ereunitis (onoma, epitheto, fylo, hmeromhnia_gennhshs, hmeromhnia_ergasias, syntomografia) values ('Binnie', 'Cicetti', 'F', '1970-01-12', '2003-09-03', 'RCT');
insert into ereunitis (onoma, epitheto, fylo, hmeromhnia_gennhshs, hmeromhnia_ergasias, syntomografia) values ('Sandie', 'Childerhouse', 'F', '1973-03-13', '2019-03-10', 'TG');
insert into ereunitis (onoma, epitheto, fylo, hmeromhnia_gennhshs, hmeromhnia_ergasias, syntomografia) values ('Kory', 'Grigoli', 'M', '1953-04-03', '2015-02-10', 'RCT');
insert into ereunitis (onoma, epitheto, fylo, hmeromhnia_gennhshs, hmeromhnia_ergasias, syntomografia) values ('Jakie', 'Egdal', 'M', '1970-05-21', '2019-06-18', 'RCM');
insert into ereunitis (onoma, epitheto, fylo, hmeromhnia_gennhshs, hmeromhnia_ergasias, syntomografia) values ('Arman', 'Cuell', 'M', '1989-12-02', '2016-02-26', 'BC');
insert into ereunitis (onoma, epitheto, fylo, hmeromhnia_gennhshs, hmeromhnia_ergasias, syntomografia) values ('Ruggiero', 'Goublier', 'M', '1972-01-07', '2013-05-16', 'BC');
insert into ereunitis (onoma, epitheto, fylo, hmeromhnia_gennhshs, hmeromhnia_ergasias, syntomografia) values ('Lilllie', 'Elvish', 'F', '1979-10-01', '2011-12-24', 'RCBOH');
insert into ereunitis (onoma, epitheto, fylo, hmeromhnia_gennhshs, hmeromhnia_ergasias, syntomografia) values ('Martainn', 'Claus', 'M', '1954-10-04', '2004-07-10', 'USPC');
insert into ereunitis (onoma, epitheto, fylo, hmeromhnia_gennhshs, hmeromhnia_ergasias, syntomografia) values ('Burnaby', 'Royan', 'M', '1961-02-10', '2006-07-13', 'OG');
insert into ereunitis (onoma, epitheto, fylo, hmeromhnia_gennhshs, hmeromhnia_ergasias, syntomografia) values ('Otes', 'Lehmann', 'M', '1958-01-29', '2015-05-06', 'MLUHW');
insert into ereunitis (onoma, epitheto, fylo, hmeromhnia_gennhshs, hmeromhnia_ergasias, syntomografia) values ('Gan', 'Sissens', 'M', '1968-10-27', '2011-02-26', 'UMCE');
insert into ereunitis (onoma, epitheto, fylo, hmeromhnia_gennhshs, hmeromhnia_ergasias, syntomografia) values ('Merrili', 'McElree', 'F', '1984-02-15', '2001-10-18', 'NUIG');
insert into ereunitis (onoma, epitheto, fylo, hmeromhnia_gennhshs, hmeromhnia_ergasias, syntomografia) values ('Elbertina', 'Larret', 'F', '1970-04-17', '2012-12-14', 'UCI');
insert into ereunitis (onoma, epitheto, fylo, hmeromhnia_gennhshs, hmeromhnia_ergasias, syntomografia) values ('Nerti', 'Belchambers', 'F', '1972-09-04', '2017-04-02', 'DTIT');
insert into ereunitis (onoma, epitheto, fylo, hmeromhnia_gennhshs, hmeromhnia_ergasias, syntomografia) values ('Frants', 'Keatch', 'M', '1976-11-07', '2001-05-17', 'RAS');
insert into ereunitis (onoma, epitheto, fylo, hmeromhnia_gennhshs, hmeromhnia_ergasias, syntomografia) values ('Steven', 'Antoszewski', 'M', '1966-08-27', '2000-04-18', 'NWRCP');
insert into ereunitis (onoma, epitheto, fylo, hmeromhnia_gennhshs, hmeromhnia_ergasias, syntomografia) values ('Sollie', 'Hazlewood', 'M', '1980-08-28', '2012-09-13', 'CIS');
insert into ereunitis (onoma, epitheto, fylo, hmeromhnia_gennhshs, hmeromhnia_ergasias, syntomografia) values ('Ced', 'Knewstub', 'M', '1971-08-13', '2007-08-13', 'WHK');
insert into ereunitis (onoma, epitheto, fylo, hmeromhnia_gennhshs, hmeromhnia_ergasias, syntomografia) values ('Gaby', 'Neagle', 'F', '1984-05-03', '2011-08-09', 'TG');
insert into ereunitis (onoma, epitheto, fylo, hmeromhnia_gennhshs, hmeromhnia_ergasias, syntomografia) values ('Ingram', 'Steutly', 'M', '1975-12-31', '2018-08-05', 'WU');
insert into ereunitis (onoma, epitheto, fylo, hmeromhnia_gennhshs, hmeromhnia_ergasias, syntomografia) values ('Diane', 'McCaster', 'F', '1987-09-11', '2018-09-17', 'NWRCP');
insert into ereunitis (onoma, epitheto, fylo, hmeromhnia_gennhshs, hmeromhnia_ergasias, syntomografia) values ('Dionysus', 'Moring', 'M', '1983-05-16', '2006-10-23', 'BC');
insert into ereunitis (onoma, epitheto, fylo, hmeromhnia_gennhshs, hmeromhnia_ergasias, syntomografia) values ('Garth', 'Pawlaczyk', 'M', '1955-02-27', '2000-09-06', 'MGWC');
insert into ereunitis (onoma, epitheto, fylo, hmeromhnia_gennhshs, hmeromhnia_ergasias, syntomografia) values ('Poul', 'Southcott', 'M', '1957-11-17', '2000-08-05', 'FS');
insert into ereunitis (onoma, epitheto, fylo, hmeromhnia_gennhshs, hmeromhnia_ergasias, syntomografia) values ('Harri', 'Pennell', 'F', '1956-01-03', '2005-04-12', 'RWC');
insert into ereunitis (onoma, epitheto, fylo, hmeromhnia_gennhshs, hmeromhnia_ergasias, syntomografia) values ('Curtis', 'Botwright', 'M', '1956-07-06', '2010-01-07', 'UOM');
insert into ereunitis (onoma, epitheto, fylo, hmeromhnia_gennhshs, hmeromhnia_ergasias, syntomografia) values ('Amye', 'Swatheridge', 'F', '1988-07-06', '2014-05-20', 'RCT');
insert into ereunitis (onoma, epitheto, fylo, hmeromhnia_gennhshs, hmeromhnia_ergasias, syntomografia) values ('Robbin', 'Daniell', 'F', '1965-08-20', '2009-10-18', 'DTIT');
insert into ereunitis (onoma, epitheto, fylo, hmeromhnia_gennhshs, hmeromhnia_ergasias, syntomografia) values ('Leora', 'Coat', 'F', '1954-01-18', '2014-10-16', 'BC');
insert into ereunitis (onoma, epitheto, fylo, hmeromhnia_gennhshs, hmeromhnia_ergasias, syntomografia) values ('Daniele', 'Dominy', 'F', '1953-09-20', '2000-12-02', 'NUIG');
insert into ereunitis (onoma, epitheto, fylo, hmeromhnia_gennhshs, hmeromhnia_ergasias, syntomografia) values ('Lonnie', 'Leechman', 'M', '1971-08-11', '2017-07-27', 'STPU');
insert into ereunitis (onoma, epitheto, fylo, hmeromhnia_gennhshs, hmeromhnia_ergasias, syntomografia) values ('Rosie', 'Farahar', 'F', '1988-09-10', '2013-09-13', 'RH');
insert into ereunitis (onoma, epitheto, fylo, hmeromhnia_gennhshs, hmeromhnia_ergasias, syntomografia) values ('Tiena', 'Blunden', 'F', '1977-03-06', '2019-07-08', 'MGWC');
insert into ereunitis (onoma, epitheto, fylo, hmeromhnia_gennhshs, hmeromhnia_ergasias, syntomografia) values ('Yale', 'Sickling', 'M', '1950-06-13', '2003-03-07', 'FS');
insert into ereunitis (onoma, epitheto, fylo, hmeromhnia_gennhshs, hmeromhnia_ergasias, syntomografia) values ('Deny', 'Daborne', 'F', '1989-08-12', '2016-02-10', 'OG');
insert into ereunitis (onoma, epitheto, fylo, hmeromhnia_gennhshs, hmeromhnia_ergasias, syntomografia) values ('Caryl', 'Draaisma', 'F', '1958-04-01', '2017-03-23', 'WU');
insert into ereunitis (onoma, epitheto, fylo, hmeromhnia_gennhshs, hmeromhnia_ergasias, syntomografia) values ('Gill', 'Patriskson', 'M', '1960-08-19', '2010-02-21', 'UOM');
insert into ereunitis (onoma, epitheto, fylo, hmeromhnia_gennhshs, hmeromhnia_ergasias, syntomografia) values ('Thelma', 'Bonson', 'F', '1960-09-01', '2004-01-24', 'UV');
insert into ereunitis (onoma, epitheto, fylo, hmeromhnia_gennhshs, hmeromhnia_ergasias, syntomografia) values ('Pete', 'Oxshott', 'M', '1964-12-03', '2010-04-23', 'MGWC');
insert into ereunitis (onoma, epitheto, fylo, hmeromhnia_gennhshs, hmeromhnia_ergasias, syntomografia) values ('Calla', 'Penright', 'F', '1981-10-30', '2009-03-02', 'UBA');
insert into ereunitis (onoma, epitheto, fylo, hmeromhnia_gennhshs, hmeromhnia_ergasias, syntomografia) values ('Mozelle', 'Rosettini', 'F', '1975-06-19', '2002-08-17', 'HD');
insert into ereunitis (onoma, epitheto, fylo, hmeromhnia_gennhshs, hmeromhnia_ergasias, syntomografia) values ('Ashly', 'Perago', 'F', '1953-09-30', '2002-01-31', 'FS');
insert into ereunitis (onoma, epitheto, fylo, hmeromhnia_gennhshs, hmeromhnia_ergasias, syntomografia) values ('Alair', 'Lysons', 'M', '1984-01-19', '2005-08-26', 'RAS');
insert into ereunitis (onoma, epitheto, fylo, hmeromhnia_gennhshs, hmeromhnia_ergasias, syntomografia) values ('Filip', 'Pechan', 'M', '1956-03-18', '2018-10-12', 'MLUHW');
insert into ereunitis (onoma, epitheto, fylo, hmeromhnia_gennhshs, hmeromhnia_ergasias, syntomografia) values ('Brade', 'Liger', 'M', '1956-02-18', '2015-06-28', 'TG');
insert into ereunitis (onoma, epitheto, fylo, hmeromhnia_gennhshs, hmeromhnia_ergasias, syntomografia) values ('Corrie', 'Coomer', 'M', '1957-07-05', '2000-02-17', 'UNI');
insert into ereunitis (onoma, epitheto, fylo, hmeromhnia_gennhshs, hmeromhnia_ergasias, syntomografia) values ('Patten', 'Jostan', 'M', '1954-02-12', '2004-01-02', 'FS');
insert into ereunitis (onoma, epitheto, fylo, hmeromhnia_gennhshs, hmeromhnia_ergasias, syntomografia) values ('Thorvald', 'Plank', 'M', '1959-12-09', '2001-09-20', 'UV');
insert into ereunitis (onoma, epitheto, fylo, hmeromhnia_gennhshs, hmeromhnia_ergasias, syntomografia) values ('Bobbye', 'Warlaw', 'F', '1950-09-13', '2006-07-30', 'USPC');
insert into ereunitis (onoma, epitheto, fylo, hmeromhnia_gennhshs, hmeromhnia_ergasias, syntomografia) values ('Garrett', 'McCreery', 'M', '1983-03-26', '2008-11-01', 'DYUT');
insert into ereunitis (onoma, epitheto, fylo, hmeromhnia_gennhshs, hmeromhnia_ergasias, syntomografia) values ('Thurston', 'Dabrowski', 'M', '1987-02-06', '2002-08-31', 'USPC');
insert into ereunitis (onoma, epitheto, fylo, hmeromhnia_gennhshs, hmeromhnia_ergasias, syntomografia) values ('Jeffy', 'Antonelli', 'M', '1952-11-21', '2000-08-17', 'STPU');
insert into ereunitis (onoma, epitheto, fylo, hmeromhnia_gennhshs, hmeromhnia_ergasias, syntomografia) values ('Fleurette', 'Malster', 'F', '1960-07-21', '2014-02-04', 'RCBOH');
insert into ereunitis (onoma, epitheto, fylo, hmeromhnia_gennhshs, hmeromhnia_ergasias, syntomografia) values ('Fonzie', 'Cleatherow', 'M', '1977-09-03', '2019-12-28', 'UBA');
insert into ereunitis (onoma, epitheto, fylo, hmeromhnia_gennhshs, hmeromhnia_ergasias, syntomografia) values ('Kingsly', 'Fawdrey', 'M', '1983-06-26', '2000-11-21', 'UOM');
insert into ereunitis (onoma, epitheto, fylo, hmeromhnia_gennhshs, hmeromhnia_ergasias, syntomografia) values ('Rubie', 'Riolfi', 'F', '1989-11-07', '2011-03-15', 'WHK');
insert into ereunitis (onoma, epitheto, fylo, hmeromhnia_gennhshs, hmeromhnia_ergasias, syntomografia) values ('Cass', 'Chetwynd', 'F', '1971-03-14', '2001-05-15', 'TUT');
insert into ereunitis (onoma, epitheto, fylo, hmeromhnia_gennhshs, hmeromhnia_ergasias, syntomografia) values ('Augustina', 'Beatty', 'F', '1950-09-17', '2002-01-15', 'NUIG');
insert into ereunitis (onoma, epitheto, fylo, hmeromhnia_gennhshs, hmeromhnia_ergasias, syntomografia) values ('Catriona', 'Hechlin', 'F', '1983-04-07', '2011-02-10', 'MGWC');
insert into ereunitis (onoma, epitheto, fylo, hmeromhnia_gennhshs, hmeromhnia_ergasias, syntomografia) values ('Gussy', 'Kitteridge', 'F', '1965-03-08', '2002-03-02', 'NAUR');
insert into ereunitis (onoma, epitheto, fylo, hmeromhnia_gennhshs, hmeromhnia_ergasias, syntomografia) values ('Etti', 'Barlow', 'F', '1972-07-01', '2012-10-10', 'NWRCP');
insert into ereunitis (onoma, epitheto, fylo, hmeromhnia_gennhshs, hmeromhnia_ergasias, syntomografia) values ('Vonni', 'Whitington', 'F', '1965-12-09', '2020-10-31', 'WHK');
insert into ereunitis (onoma, epitheto, fylo, hmeromhnia_gennhshs, hmeromhnia_ergasias, syntomografia) values ('Diena', 'Reeme', 'F', '1984-09-21', '2019-09-08', 'RCT');
insert into ereunitis (onoma, epitheto, fylo, hmeromhnia_gennhshs, hmeromhnia_ergasias, syntomografia) values ('Huey', 'Adne', 'M', '1984-11-09', '2013-03-11', 'RCBOH');

insert into aksiologisi (bathmos, hmeromhnia, ssn) values (45, '2020-01-02', 2);
insert into aksiologisi (bathmos, hmeromhnia, ssn) values (100, '2020-05-30', 4);
insert into aksiologisi (bathmos, hmeromhnia, ssn) values (94, '2020-02-21', 6);
insert into aksiologisi (bathmos, hmeromhnia, ssn) values (59, '2020-01-27', 8);
insert into aksiologisi (bathmos, hmeromhnia, ssn) values (90, '2020-05-13', 10);
insert into aksiologisi (bathmos, hmeromhnia, ssn) values (36, '2020-01-07', 12);
insert into aksiologisi (bathmos, hmeromhnia, ssn) values (81, '2020-01-13', 14);
insert into aksiologisi (bathmos, hmeromhnia, ssn) values (57, '2020-01-28', 16);
insert into aksiologisi (bathmos, hmeromhnia, ssn) values (83, '2020-03-16', 18);
insert into aksiologisi (bathmos, hmeromhnia, ssn) values (67, '2020-01-02', 20);
insert into aksiologisi (bathmos, hmeromhnia, ssn) values (76, '2020-03-09', 22);
insert into aksiologisi (bathmos, hmeromhnia, ssn) values (54, '2020-05-13', 24);
insert into aksiologisi (bathmos, hmeromhnia, ssn) values (72, '2020-02-24', 26);
insert into aksiologisi (bathmos, hmeromhnia, ssn) values (68, '2020-01-08', 28);
insert into aksiologisi (bathmos, hmeromhnia, ssn) values (95, '2020-04-12', 30);
insert into aksiologisi (bathmos, hmeromhnia, ssn) values (45, '2020-01-11', 32);
insert into aksiologisi (bathmos, hmeromhnia, ssn) values (54, '2020-03-04', 34);
insert into aksiologisi (bathmos, hmeromhnia, ssn) values (34, '2020-04-06', 36);
insert into aksiologisi (bathmos, hmeromhnia, ssn) values (67, '2020-02-22', 38);
insert into aksiologisi (bathmos, hmeromhnia, ssn) values (87, '2020-05-14', 40);
insert into aksiologisi (bathmos, hmeromhnia, ssn) values (34, '2020-03-19', 42);
insert into aksiologisi (bathmos, hmeromhnia, ssn) values (51, '2020-05-12', 44);
insert into aksiologisi (bathmos, hmeromhnia, ssn) values (71, '2020-01-20', 46);
insert into aksiologisi (bathmos, hmeromhnia, ssn) values (59, '2020-04-15', 48);
insert into aksiologisi (bathmos, hmeromhnia, ssn) values (64, '2020-01-03', 50);
insert into aksiologisi (bathmos, hmeromhnia, ssn) values (71, '2020-01-05', 52);
insert into aksiologisi (bathmos, hmeromhnia, ssn) values (39, '2020-05-30', 54);
insert into aksiologisi (bathmos, hmeromhnia, ssn) values (98, '2020-01-26', 56);
insert into aksiologisi (bathmos, hmeromhnia, ssn) values (48, '2020-04-17', 58);
insert into aksiologisi (bathmos, hmeromhnia, ssn) values (45, '2020-04-03', 60);
insert into aksiologisi (bathmos, hmeromhnia, ssn) values (91, '2020-04-02', 62);
insert into aksiologisi (bathmos, hmeromhnia, ssn) values (89, '2020-04-19', 64);
insert into aksiologisi (bathmos, hmeromhnia, ssn) values (63, '2020-03-08', 66);
insert into aksiologisi (bathmos, hmeromhnia, ssn) values (37, '2020-04-24', 68);
insert into aksiologisi (bathmos, hmeromhnia, ssn) values (30, '2020-04-29', 70);
insert into aksiologisi (bathmos, hmeromhnia, ssn) values (50, '2020-03-16', 72);
insert into aksiologisi (bathmos, hmeromhnia, ssn) values (71, '2020-02-26', 74);
insert into aksiologisi (bathmos, hmeromhnia, ssn) values (31, '2020-05-08', 76);
insert into aksiologisi (bathmos, hmeromhnia, ssn) values (94, '2020-03-31', 78);
insert into aksiologisi (bathmos, hmeromhnia, ssn) values (91, '2020-04-16', 80);
insert into aksiologisi (bathmos, hmeromhnia, ssn) values (50, '2020-03-21', 82);
insert into aksiologisi (bathmos, hmeromhnia, ssn) values (38, '2020-01-11', 84);
insert into aksiologisi (bathmos, hmeromhnia, ssn) values (67, '2020-01-11', 86);
insert into aksiologisi (bathmos, hmeromhnia, ssn) values (74, '2020-05-26', 88);
insert into aksiologisi (bathmos, hmeromhnia, ssn) values (99, '2020-02-12', 90);
insert into aksiologisi (bathmos, hmeromhnia, ssn) values (56, '2020-01-16', 92);
insert into aksiologisi (bathmos, hmeromhnia, ssn) values (33, '2020-04-30', 94);
insert into aksiologisi (bathmos, hmeromhnia, ssn) values (64, '2020-03-04', 96);
insert into aksiologisi (bathmos, hmeromhnia, ssn) values (73, '2020-05-04', 98);
insert into aksiologisi (bathmos, hmeromhnia, ssn) values (37, '2020-02-26', 100);
insert into aksiologisi (bathmos, hmeromhnia, ssn) values (83, '2020-03-03', 102);
insert into aksiologisi (bathmos, hmeromhnia, ssn) values (92, '2020-05-18', 104);
insert into aksiologisi (bathmos, hmeromhnia, ssn) values (70, '2020-04-28', 106);
insert into aksiologisi (bathmos, hmeromhnia, ssn) values (64, '2020-04-15', 108);
insert into aksiologisi (bathmos, hmeromhnia, ssn) values (89, '2020-02-17', 1);
insert into aksiologisi (bathmos, hmeromhnia, ssn) values (88, '2020-02-02', 3);
insert into aksiologisi (bathmos, hmeromhnia, ssn) values (100, '2020-01-05', 5);
insert into aksiologisi (bathmos, hmeromhnia, ssn) values (97, '2020-05-04', 7);
insert into aksiologisi (bathmos, hmeromhnia, ssn) values (62, '2020-02-28', 9);
insert into aksiologisi (bathmos, hmeromhnia, ssn) values (44, '2020-05-18', 11);

insert into ergo (titlos, poso, perilipsi, enarksi, liksi, stelexos_id, programma_id, ssn, syntomografia, aksiologisi_id) values ('luctus nec molestie sed justo pellentesque viverra', 751937, 'Curabitur in libero ut massa volutpat convallis. Morbi odio odio, elementum eu, interdum eu, tincidunt in, leo. Maecenas pulvinar lobortis est.

Phasellus sit amet erat. Nulla tempus. Vivamus in felis eu sapien cursus vestibulum.', '2020-11-11', '2022-08-10', 49, 16, 55, 'SHRC', 1);
insert into ergo (titlos, poso, perilipsi, enarksi, liksi, stelexos_id, programma_id, ssn, syntomografia, aksiologisi_id) values ('est quam pharetra magna ac consequat metus sapien', 991072, 'Praesent blandit. Nam nulla. Integer pede justo, lacinia eget, tincidunt eget, tempus vel, pede.

Morbi porttitor lorem id ligula. Suspendisse ornare consequat lectus. In est risus, auctor sed, tristique in, tempus sit amet, sem.', '2020-11-06', '2023-08-24', 43, 19, 95, 'USPC', 2);
insert into ergo (titlos, poso, perilipsi, enarksi, liksi, stelexos_id, programma_id, ssn, syntomografia, aksiologisi_id) values ('consequat ut nulla sed accumsan felis ut at', 837329, 'Etiam vel augue. Vestibulum rutrum rutrum neque. Aenean auctor gravida sem.

Praesent id massa id nisl venenatis lacinia. Aenean sit amet justo. Morbi ut odio.', '2020-09-07', '2023-08-14', 42, 13, 61, 'UV', 3);
insert into ergo (titlos, poso, perilipsi, enarksi, liksi, stelexos_id, programma_id, ssn, syntomografia, aksiologisi_id) values ('integer tincidunt ante vel', 585152, 'In congue. Etiam justo. Etiam pretium iaculis justo.', '2020-10-03', '2023-09-16', 45, 13, 54, 'BC', 4);
insert into ergo (titlos, poso, perilipsi, enarksi, liksi, stelexos_id, programma_id, ssn, syntomografia, aksiologisi_id) values ('sed tincidunt eu felis', 535198, 'Duis consequat dui nec nisi volutpat eleifend. Donec ut dolor. Morbi vel lectus in quam fringilla rhoncus.', '2020-10-17', '2023-09-27', 30, 13, 79, 'UCI', 5);
insert into ergo (titlos, poso, perilipsi, enarksi, liksi, stelexos_id, programma_id, ssn, syntomografia, aksiologisi_id) values ('dui vel sem sed sagittis nam', 346013, 'Fusce posuere felis sed lacus. Morbi sem mauris, laoreet ut, rhoncus aliquet, pulvinar sed, nisl. Nunc rhoncus dui vel sem.', '2020-09-23', '2023-08-11', 40, 17, 107, 'HD', 6);
insert into ergo (titlos, poso, perilipsi, enarksi, liksi, stelexos_id, programma_id, ssn, syntomografia, aksiologisi_id) values ('pulvinar lobortis est phasellus sit amet erat', 238726, 'Sed sagittis. Nam congue, risus semper porta volutpat, quam pede lobortis ligula, sit amet eleifend pede libero quis orci. Nullam molestie nibh in lectus.', '2020-10-02', '2023-12-21', 31, 29, 58, 'RWC', 7);
insert into ergo (titlos, poso, perilipsi, enarksi, liksi, stelexos_id, programma_id, ssn, syntomografia, aksiologisi_id) values ('facilisi cras non velit nec nisi', 347065, 'Vestibulum ac est lacinia nisi venenatis tristique. Fusce congue, diam id ornare imperdiet, sapien urna pretium nisl, ut volutpat sapien arcu sed augue. Aliquam erat volutpat.

In congue. Etiam justo. Etiam pretium iaculis justo.', '2020-10-03', '2023-05-16', 13, 21, 99, 'RAS', 8);
insert into ergo (titlos, poso, perilipsi, enarksi, liksi, stelexos_id, programma_id, ssn, syntomografia, aksiologisi_id) values ('habitasse platea dictumst etiam faucibus cursus', 636249, 'Lorem ipsum dolor sit amet, consectetuer adipiscing elit. Proin risus. Praesent lectus.', '2020-11-27', '2023-01-19', 35, 19, 91, 'DTIT', 9);
insert into ergo (titlos, poso, perilipsi, enarksi, liksi, stelexos_id, programma_id, ssn, syntomografia, aksiologisi_id) values ('platea dictumst etiam faucibus cursus urna ut tellus', 887658, 'Mauris enim leo, rhoncus sed, vestibulum sit amet, cursus id, turpis. Integer aliquet, massa id lobortis convallis, tortor risus dapibus augue, vel accumsan tellus nisi eu orci. Mauris lacinia sapien quis libero.

Nullam sit amet turpis elementum ligula vehicula consequat. Morbi a ipsum. Integer a nibh.', '2020-09-15', '2022-07-21', 32, 20, 105, 'UNI', 10);
insert into ergo (titlos, poso, perilipsi, enarksi, liksi, stelexos_id, programma_id, ssn, syntomografia, aksiologisi_id) values ('amet nulla quisque arcu', 843811, 'Morbi porttitor lorem id ligula. Suspendisse ornare consequat lectus. In est risus, auctor sed, tristique in, tempus sit amet, sem.', '2020-10-21', '2022-03-22', 41, 20, 103, 'TG', 11);
insert into ergo (titlos, poso, perilipsi, enarksi, liksi, stelexos_id, programma_id, ssn, syntomografia, aksiologisi_id) values ('quam fringilla rhoncus mauris enim leo rhoncus', 532925, 'Proin eu mi. Nulla ac enim. In tempor, turpis nec euismod scelerisque, quam turpis adipiscing lorem, vitae mattis nibh ligula nec sem.', '2020-10-03', '2023-07-10', 57, 11, 93, 'SRC', 12);
insert into ergo (titlos, poso, perilipsi, enarksi, liksi, stelexos_id, programma_id, ssn, syntomografia, aksiologisi_id) values ('est risus auctor sed tristique in tempus sit', 114828, 'Lorem ipsum dolor sit amet, consectetuer adipiscing elit. Proin risus. Praesent lectus.', '2020-12-14', '2022-03-03', 37, 3, 1, 'RH', 13);
insert into ergo (titlos, poso, perilipsi, enarksi, liksi, stelexos_id, programma_id, ssn, syntomografia, aksiologisi_id) values ('habitasse platea dictumst maecenas ut', 332131, 'In congue. Etiam justo. Etiam pretium iaculis justo.', '2020-09-26', '2023-03-05', 15, 13, 48, 'STPU', 14);
insert into ergo (titlos, poso, perilipsi, enarksi, liksi, stelexos_id, programma_id, ssn, syntomografia, aksiologisi_id) values ('eros elementum pellentesque quisque porta', 230520, 'In sagittis dui vel nisl. Duis ac nibh. Fusce lacus purus, aliquet at, feugiat non, pretium quis, lectus.

Suspendisse potenti. In eleifend quam a odio. In hac habitasse platea dictumst.', '2020-10-20', '2023-04-07', 64, 25, 41, 'CAO', 15);
insert into ergo (titlos, poso, perilipsi, enarksi, liksi, stelexos_id, programma_id, ssn, syntomografia, aksiologisi_id) values ('ut odio cras mi pede malesuada in imperdiet', 296550, 'Sed sagittis. Nam congue, risus semper porta volutpat, quam pede lobortis ligula, sit amet eleifend pede libero quis orci. Nullam molestie nibh in lectus.

Pellentesque at nulla. Suspendisse potenti. Cras in purus eu magna vulputate luctus.', '2020-11-03', '2023-06-04', 67, 19, 85, 'UMCE', 16);
insert into ergo (titlos, poso, perilipsi, enarksi, liksi, stelexos_id, programma_id, ssn, syntomografia, aksiologisi_id) values ('vel augue vestibulum rutrum rutrum neque', 341394, 'Maecenas leo odio, condimentum id, luctus nec, molestie sed, justo. Pellentesque viverra pede ac diam. Cras pellentesque volutpat dui.', '2020-12-05', '2022-12-10', 54, 29, 61, 'NAUR', 17);
insert into ergo (titlos, poso, perilipsi, enarksi, liksi, stelexos_id, programma_id, ssn, syntomografia, aksiologisi_id) values ('tortor id nulla ultrices aliquet maecenas', 447644, 'Cum sociis natoque penatibus et magnis dis parturient montes, nascetur ridiculus mus. Vivamus vestibulum sagittis sapien. Cum sociis natoque penatibus et magnis dis parturient montes, nascetur ridiculus mus.', '2020-12-21', '2022-05-03', 23, 4, 94, 'NWRCP', 18);
insert into ergo (titlos, poso, perilipsi, enarksi, liksi, stelexos_id, programma_id, ssn, syntomografia, aksiologisi_id) values ('nisl ut volutpat sapien arcu', 720984, 'Cum sociis natoque penatibus et magnis dis parturient montes, nascetur ridiculus mus. Vivamus vestibulum sagittis sapien. Cum sociis natoque penatibus et magnis dis parturient montes, nascetur ridiculus mus.', '2020-11-24', '2023-09-06', 56, 19, 18, 'UMCE', 19);
insert into ergo (titlos, poso, perilipsi, enarksi, liksi, stelexos_id, programma_id, ssn, syntomografia, aksiologisi_id) values ('fusce lacus purus aliquet at feugiat', 829878, 'Quisque id justo sit amet sapien dignissim vestibulum. Vestibulum ante ipsum primis in faucibus orci luctus et ultrices posuere cubilia Curae; Nulla dapibus dolor vel est. Donec odio justo, sollicitudin ut, suscipit a, feugiat et, eros.

Vestibulum ac est lacinia nisi venenatis tristique. Fusce congue, diam id ornare imperdiet, sapien urna pretium nisl, ut volutpat sapien arcu sed augue. Aliquam erat volutpat.', '2020-10-31', '2022-09-01', 68, 8, 60, 'RCT', 20);
insert into ergo (titlos, poso, perilipsi, enarksi, liksi, stelexos_id, programma_id, ssn, syntomografia, aksiologisi_id) values ('nec sem duis aliquam convallis nunc proin at', 590371, 'In hac habitasse platea dictumst. Morbi vestibulum, velit id pretium iaculis, diam erat fermentum justo, nec condimentum neque sapien placerat ante. Nulla justo.', '2020-09-04', '2023-06-11', 35, 29, 101, 'RH', 21);
insert into ergo (titlos, poso, perilipsi, enarksi, liksi, stelexos_id, programma_id, ssn, syntomografia, aksiologisi_id) values ('amet eros suspendisse accumsan tortor quis', 323074, 'Integer ac leo. Pellentesque ultrices mattis odio. Donec vitae nisi.', '2020-09-27', '2023-06-25', 20, 3, 76, 'DTIT', 22);
insert into ergo (titlos, poso, perilipsi, enarksi, liksi, stelexos_id, programma_id, ssn, syntomografia, aksiologisi_id) values ('vestibulum sed magna at nunc', 293668, 'Fusce consequat. Nulla nisl. Nunc nisl.

Duis bibendum, felis sed interdum venenatis, turpis enim blandit mi, in porttitor pede justo eu massa. Donec dapibus. Duis at velit eu est congue elementum.', '2020-10-20', '2023-08-02', 11, 18, 22, 'RCBOH', 23);
insert into ergo (titlos, poso, perilipsi, enarksi, liksi, stelexos_id, programma_id, ssn, syntomografia, aksiologisi_id) values ('rutrum at lorem integer tincidunt ante vel', 572522, 'Suspendisse potenti. In eleifend quam a odio. In hac habitasse platea dictumst.', '2020-10-22', '2023-01-28', 60, 30, 99, 'NAUR', 24);
insert into ergo (titlos, poso, perilipsi, enarksi, liksi, stelexos_id, programma_id, ssn, syntomografia, aksiologisi_id) values ('non velit donec diam neque vestibulum eget', 122656, 'Lorem ipsum dolor sit amet, consectetuer adipiscing elit. Proin risus. Praesent lectus.

Vestibulum quam sapien, varius ut, blandit non, interdum in, ante. Vestibulum ante ipsum primis in faucibus orci luctus et ultrices posuere cubilia Curae; Duis faucibus accumsan odio. Curabitur convallis.', '2020-10-02', '2022-08-27', 50, 13, 15, 'RWC', 25);
insert into ergo (titlos, poso, perilipsi, enarksi, liksi, stelexos_id, programma_id, ssn, syntomografia, aksiologisi_id) values ('dapibus dolor vel est donec', 951956, 'Proin interdum mauris non ligula pellentesque ultrices. Phasellus id sapien in sapien iaculis congue. Vivamus metus arcu, adipiscing molestie, hendrerit at, vulputate vitae, nisl.', '2020-10-17', '2022-05-15', 75, 2, 77, 'STPU', 26);
insert into ergo (titlos, poso, perilipsi, enarksi, liksi, stelexos_id, programma_id, ssn, syntomografia, aksiologisi_id) values ('lobortis vel dapibus at', 452356, 'Aliquam quis turpis eget elit sodales scelerisque. Mauris sit amet eros. Suspendisse accumsan tortor quis turpis.

Sed ante. Vivamus tortor. Duis mattis egestas metus.', '2020-09-05', '2022-07-12', 3, 2, 89, 'RH', 27);
insert into ergo (titlos, poso, perilipsi, enarksi, liksi, stelexos_id, programma_id, ssn, syntomografia, aksiologisi_id) values ('in purus eu magna vulputate luctus cum sociis', 201819, 'Integer ac leo. Pellentesque ultrices mattis odio. Donec vitae nisi.', '2020-12-09', '2023-06-03', 28, 15, 85, 'STPU', 28);
insert into ergo (titlos, poso, perilipsi, enarksi, liksi, stelexos_id, programma_id, ssn, syntomografia, aksiologisi_id) values ('nulla suspendisse potenti cras in purus eu magna', 954504, 'Duis aliquam convallis nunc. Proin at turpis a pede posuere nonummy. Integer non velit.

Donec diam neque, vestibulum eget, vulputate ut, ultrices vel, augue. Vestibulum ante ipsum primis in faucibus orci luctus et ultrices posuere cubilia Curae; Donec pharetra, magna vestibulum aliquet ultrices, erat tortor sollicitudin mi, sit amet lobortis sapien sapien non mi. Integer ac neque.', '2020-12-03', '2022-07-26', 29, 27, 16, 'RCBOH', 29);
insert into ergo (titlos, poso, perilipsi, enarksi, liksi, stelexos_id, programma_id, ssn, syntomografia, aksiologisi_id) values ('habitasse platea dictumst maecenas ut massa quis augue', 112284, 'Maecenas ut massa quis augue luctus tincidunt. Nulla mollis molestie lorem. Quisque ut erat.

Curabitur gravida nisi at nibh. In hac habitasse platea dictumst. Aliquam augue quam, sollicitudin vitae, consectetuer eget, rutrum at, lorem.', '2020-11-13', '2022-10-31', 69, 7, 10, 'GCU', 30);
insert into ergo (titlos, poso, perilipsi, enarksi, liksi, stelexos_id, programma_id, ssn, syntomografia, aksiologisi_id) values ('ipsum dolor sit amet consectetuer', 901342, 'Proin interdum mauris non ligula pellentesque ultrices. Phasellus id sapien in sapien iaculis congue. Vivamus metus arcu, adipiscing molestie, hendrerit at, vulputate vitae, nisl.', '2020-10-01', '2023-03-27', 33, 19, 44, 'MGWC', 31);
insert into ergo (titlos, poso, perilipsi, enarksi, liksi, stelexos_id, programma_id, ssn, syntomografia, aksiologisi_id) values ('quisque porta volutpat erat quisque erat', 395892, 'Proin leo odio, porttitor id, consequat in, consequat ut, nulla. Sed accumsan felis. Ut at dolor quis odio consequat varius.

Integer ac leo. Pellentesque ultrices mattis odio. Donec vitae nisi.', '2020-12-27', '2023-05-09', 47, 23, 29, 'UNI', 32);
insert into ergo (titlos, poso, perilipsi, enarksi, liksi, stelexos_id, programma_id, ssn, syntomografia, aksiologisi_id) values ('accumsan odio curabitur convallis duis consequat dui', 222221, 'Sed sagittis. Nam congue, risus semper porta volutpat, quam pede lobortis ligula, sit amet eleifend pede libero quis orci. Nullam molestie nibh in lectus.

Pellentesque at nulla. Suspendisse potenti. Cras in purus eu magna vulputate luctus.', '2020-09-21', '2022-08-24', 68, 9, 37, 'RCM', 33);
insert into ergo (titlos, poso, perilipsi, enarksi, liksi, stelexos_id, programma_id, ssn, syntomografia, aksiologisi_id) values ('nunc proin at turpis', 795935, 'Phasellus in felis. Donec semper sapien a libero. Nam dui.

Proin leo odio, porttitor id, consequat in, consequat ut, nulla. Sed accumsan felis. Ut at dolor quis odio consequat varius.', '2020-09-16', '2023-04-06', 31, 18, 107, 'UMCE', 34);
insert into ergo (titlos, poso, perilipsi, enarksi, liksi, stelexos_id, programma_id, ssn, syntomografia, aksiologisi_id) values ('turpis nec euismod scelerisque quam turpis adipiscing', 393910, 'Praesent blandit. Nam nulla. Integer pede justo, lacinia eget, tincidunt eget, tempus vel, pede.

Morbi porttitor lorem id ligula. Suspendisse ornare consequat lectus. In est risus, auctor sed, tristique in, tempus sit amet, sem.', '2020-12-10', '2024-01-06', 41, 6, 84, 'STPU', 35);
insert into ergo (titlos, poso, perilipsi, enarksi, liksi, stelexos_id, programma_id, ssn, syntomografia, aksiologisi_id) values ('velit id pretium iaculis diam erat fermentum', 954991, 'Praesent id massa id nisl venenatis lacinia. Aenean sit amet justo. Morbi ut odio.

Cras mi pede, malesuada in, imperdiet et, commodo vulputate, justo. In blandit ultrices enim. Lorem ipsum dolor sit amet, consectetuer adipiscing elit.', '2020-11-17', '2023-02-23', 69, 16, 50, 'MI', 36);
insert into ergo (titlos, poso, perilipsi, enarksi, liksi, stelexos_id, programma_id, ssn, syntomografia, aksiologisi_id) values ('in leo maecenas pulvinar lobortis est phasellus sit', 856655, 'Cum sociis natoque penatibus et magnis dis parturient montes, nascetur ridiculus mus. Vivamus vestibulum sagittis sapien. Cum sociis natoque penatibus et magnis dis parturient montes, nascetur ridiculus mus.

Etiam vel augue. Vestibulum rutrum rutrum neque. Aenean auctor gravida sem.', '2020-12-25', '2022-10-28', 61, 10, 77, 'BC', 37);
insert into ergo (titlos, poso, perilipsi, enarksi, liksi, stelexos_id, programma_id, ssn, syntomografia, aksiologisi_id) values ('tincidunt nulla mollis molestie', 684508, 'Cras non velit nec nisi vulputate nonummy. Maecenas tincidunt lacus at velit. Vivamus vel nulla eget eros elementum pellentesque.

Quisque porta volutpat erat. Quisque erat eros, viverra eget, congue eget, semper rutrum, nulla. Nunc purus.', '2020-10-15', '2023-03-24', 13, 16, 99, 'TUT', 38);
insert into ergo (titlos, poso, perilipsi, enarksi, liksi, stelexos_id, programma_id, ssn, syntomografia, aksiologisi_id) values ('luctus cum sociis natoque', 979229, 'Duis aliquam convallis nunc. Proin at turpis a pede posuere nonummy. Integer non velit.', '2020-10-09', '2023-11-02', 15, 7, 81, 'SHRC', 39);
insert into ergo (titlos, poso, perilipsi, enarksi, liksi, stelexos_id, programma_id, ssn, syntomografia, aksiologisi_id) values ('nam ultrices libero non mattis pulvinar nulla', 169092, 'Nulla ut erat id mauris vulputate elementum. Nullam varius. Nulla facilisi.', '2020-11-20', '2023-09-05', 21, 3, 104, 'HD', 40);
insert into ergo (titlos, poso, perilipsi, enarksi, liksi, stelexos_id, programma_id, ssn, syntomografia, aksiologisi_id) values ('nascetur ridiculus mus vivamus', 309134, 'Lorem ipsum dolor sit amet, consectetuer adipiscing elit. Proin risus. Praesent lectus.', '2020-11-23', '2022-09-15', 74, 20, 16, 'CIS', 41);
insert into ergo (titlos, poso, perilipsi, enarksi, liksi, stelexos_id, programma_id, ssn, syntomografia, aksiologisi_id) values ('tristique fusce congue diam id ornare imperdiet', 331723, 'Donec diam neque, vestibulum eget, vulputate ut, ultrices vel, augue. Vestibulum ante ipsum primis in faucibus orci luctus et ultrices posuere cubilia Curae; Donec pharetra, magna vestibulum aliquet ultrices, erat tortor sollicitudin mi, sit amet lobortis sapien sapien non mi. Integer ac neque.

Duis bibendum. Morbi non quam nec dui luctus rutrum. Nulla tellus.', '2020-09-21', '2023-03-15', 24, 21, 57, 'GCU', 42);
insert into ergo (titlos, poso, perilipsi, enarksi, liksi, stelexos_id, programma_id, ssn, syntomografia, aksiologisi_id) values ('eleifend donec ut dolor', 649134, 'Quisque id justo sit amet sapien dignissim vestibulum. Vestibulum ante ipsum primis in faucibus orci luctus et ultrices posuere cubilia Curae; Nulla dapibus dolor vel est. Donec odio justo, sollicitudin ut, suscipit a, feugiat et, eros.

Vestibulum ac est lacinia nisi venenatis tristique. Fusce congue, diam id ornare imperdiet, sapien urna pretium nisl, ut volutpat sapien arcu sed augue. Aliquam erat volutpat.', '2020-11-13', '2023-10-05', 7, 8, 83, 'TUT', 43);
insert into ergo (titlos, poso, perilipsi, enarksi, liksi, stelexos_id, programma_id, ssn, syntomografia, aksiologisi_id) values ('lacinia eget tincidunt eget tempus vel pede morbi', 461665, 'Mauris enim leo, rhoncus sed, vestibulum sit amet, cursus id, turpis. Integer aliquet, massa id lobortis convallis, tortor risus dapibus augue, vel accumsan tellus nisi eu orci. Mauris lacinia sapien quis libero.', '2020-12-24', '2023-03-03', 7, 18, 6, 'USPC', 44);
insert into ergo (titlos, poso, perilipsi, enarksi, liksi, stelexos_id, programma_id, ssn, syntomografia, aksiologisi_id) values ('amet sapien dignissim vestibulum', 631647, 'Nullam porttitor lacus at turpis. Donec posuere metus vitae ipsum. Aliquam non mauris.

Morbi non lectus. Aliquam sit amet diam in magna bibendum imperdiet. Nullam orci pede, venenatis non, sodales sed, tincidunt eu, felis.', '2020-09-22', '2022-12-31', 33, 5, 45, 'SRC', 45);
insert into ergo (titlos, poso, perilipsi, enarksi, liksi, stelexos_id, programma_id, ssn, syntomografia, aksiologisi_id) values ('sem fusce consequat nulla nisl', 488006, 'Sed sagittis. Nam congue, risus semper porta volutpat, quam pede lobortis ligula, sit amet eleifend pede libero quis orci. Nullam molestie nibh in lectus.', '2020-12-16', '2022-11-11', 31, 8, 85, 'RCM', 46);
insert into ergo (titlos, poso, perilipsi, enarksi, liksi, stelexos_id, programma_id, ssn, syntomografia, aksiologisi_id) values ('nulla suscipit ligula in lacus curabitur at ipsum', 658218, 'Morbi non lectus. Aliquam sit amet diam in magna bibendum imperdiet. Nullam orci pede, venenatis non, sodales sed, tincidunt eu, felis.

Fusce posuere felis sed lacus. Morbi sem mauris, laoreet ut, rhoncus aliquet, pulvinar sed, nisl. Nunc rhoncus dui vel sem.', '2020-09-07', '2022-08-27', 51, 11, 47, 'TUT', 47);
insert into ergo (titlos, poso, perilipsi, enarksi, liksi, stelexos_id, programma_id, ssn, syntomografia, aksiologisi_id) values ('luctus et ultrices posuere cubilia curae', 822573, 'Duis bibendum. Morbi non quam nec dui luctus rutrum. Nulla tellus.

In sagittis dui vel nisl. Duis ac nibh. Fusce lacus purus, aliquet at, feugiat non, pretium quis, lectus.', '2020-11-15', '2023-03-07', 37, 22, 24, 'CAO', 48);
insert into ergo (titlos, poso, perilipsi, enarksi, liksi, stelexos_id, programma_id, ssn, syntomografia, aksiologisi_id) values ('ut volutpat sapien arcu', 354722, 'Aliquam quis turpis eget elit sodales scelerisque. Mauris sit amet eros. Suspendisse accumsan tortor quis turpis.', '2020-11-17', '2022-10-16', 68, 14, 82, 'GCU', 49);
insert into ergo (titlos, poso, perilipsi, enarksi, liksi, stelexos_id, programma_id, ssn, syntomografia, aksiologisi_id) values ('et eros vestibulum ac est lacinia nisi', 237196, 'Cum sociis natoque penatibus et magnis dis parturient montes, nascetur ridiculus mus. Vivamus vestibulum sagittis sapien. Cum sociis natoque penatibus et magnis dis parturient montes, nascetur ridiculus mus.

Etiam vel augue. Vestibulum rutrum rutrum neque. Aenean auctor gravida sem.', '2020-11-11', '2023-11-22', 70, 30, 4, 'CAO', 50);
insert into ergo (titlos, poso, perilipsi, enarksi, liksi, stelexos_id, programma_id, ssn, syntomografia, aksiologisi_id) values ('fusce congue diam id ornare', 424782, 'Quisque id justo sit amet sapien dignissim vestibulum. Vestibulum ante ipsum primis in faucibus orci luctus et ultrices posuere cubilia Curae; Nulla dapibus dolor vel est. Donec odio justo, sollicitudin ut, suscipit a, feugiat et, eros.

Vestibulum ac est lacinia nisi venenatis tristique. Fusce congue, diam id ornare imperdiet, sapien urna pretium nisl, ut volutpat sapien arcu sed augue. Aliquam erat volutpat.', '2020-11-04', '2023-06-17', 62, 3, 92, 'NWRCP', 51);
insert into ergo (titlos, poso, perilipsi, enarksi, liksi, stelexos_id, programma_id, ssn, syntomografia, aksiologisi_id) values ('massa id nisl venenatis lacinia aenean', 756016, 'Vestibulum quam sapien, varius ut, blandit non, interdum in, ante. Vestibulum ante ipsum primis in faucibus orci luctus et ultrices posuere cubilia Curae; Duis faucibus accumsan odio. Curabitur convallis.

Duis consequat dui nec nisi volutpat eleifend. Donec ut dolor. Morbi vel lectus in quam fringilla rhoncus.', '2020-12-05', '2022-04-01', 42, 7, 98, 'RCBOH', 52);
insert into ergo (titlos, poso, perilipsi, enarksi, liksi, stelexos_id, programma_id, ssn, syntomografia, aksiologisi_id) values ('quisque erat eros viverra eget congue eget', 497216, 'Curabitur gravida nisi at nibh. In hac habitasse platea dictumst. Aliquam augue quam, sollicitudin vitae, consectetuer eget, rutrum at, lorem.', '2020-10-14', '2022-10-28', 4, 13, 36, 'TUT', 53);
insert into ergo (titlos, poso, perilipsi, enarksi, liksi, stelexos_id, programma_id, ssn, syntomografia, aksiologisi_id) values ('viverra diam vitae quam suspendisse potenti nullam', 179360, 'Maecenas ut massa quis augue luctus tincidunt. Nulla mollis molestie lorem. Quisque ut erat.', '2020-09-08', '2023-05-22', 17, 22, 5, 'NUIG', 54);
insert into ergo (titlos, poso, perilipsi, enarksi, liksi, stelexos_id, programma_id, ssn, syntomografia, aksiologisi_id) values ('aliquam lacus morbi quis', 778259, 'Mauris enim leo, rhoncus sed, vestibulum sit amet, cursus id, turpis. Integer aliquet, massa id lobortis convallis, tortor risus dapibus augue, vel accumsan tellus nisi eu orci. Mauris lacinia sapien quis libero.

Nullam sit amet turpis elementum ligula vehicula consequat. Morbi a ipsum. Integer a nibh.', '2020-12-25', '2023-06-06', 3, 17, 52, 'DTIT', 55);
insert into ergo (titlos, poso, perilipsi, enarksi, liksi, stelexos_id, programma_id, ssn, syntomografia, aksiologisi_id) values ('sem sed sagittis nam congue risus', 752761, 'Proin leo odio, porttitor id, consequat in, consequat ut, nulla. Sed accumsan felis. Ut at dolor quis odio consequat varius.', '2020-12-13', '2023-05-09', 20, 21, 49, 'UMCE', 56);
insert into ergo (titlos, poso, perilipsi, enarksi, liksi, stelexos_id, programma_id, ssn, syntomografia, aksiologisi_id) values ('maecenas tristique est et tempus semper est', 698028, 'Vestibulum quam sapien, varius ut, blandit non, interdum in, ante. Vestibulum ante ipsum primis in faucibus orci luctus et ultrices posuere cubilia Curae; Duis faucibus accumsan odio. Curabitur convallis.

Duis consequat dui nec nisi volutpat eleifend. Donec ut dolor. Morbi vel lectus in quam fringilla rhoncus.', '2020-11-08', '2022-08-10', 1, 19, 86, 'UMCE', 57);
insert into ergo (titlos, poso, perilipsi, enarksi, liksi, stelexos_id, programma_id, ssn, syntomografia, aksiologisi_id) values ('ipsum primis in faucibus orci', 833750, 'Maecenas tristique, est et tempus semper, est quam pharetra magna, ac consequat metus sapien ut nunc. Vestibulum ante ipsum primis in faucibus orci luctus et ultrices posuere cubilia Curae; Mauris viverra diam vitae quam. Suspendisse potenti.

Nullam porttitor lacus at turpis. Donec posuere metus vitae ipsum. Aliquam non mauris.', '2020-09-20', '2023-11-14', 6, 26, 80, 'GCU', 58);
insert into ergo (titlos, poso, perilipsi, enarksi, liksi, stelexos_id, programma_id, ssn, syntomografia, aksiologisi_id) values ('turpis integer aliquet massa', 512138, 'Integer ac leo. Pellentesque ultrices mattis odio. Donec vitae nisi.

Nam ultrices, libero non mattis pulvinar, nulla pede ullamcorper augue, a suscipit nulla elit ac nulla. Sed vel enim sit amet nunc viverra dapibus. Nulla suscipit ligula in lacus.', '2020-09-08', '2023-12-14', 18, 12, 59, 'NWRCP', 59);
insert into ergo (titlos, poso, perilipsi, enarksi, liksi, stelexos_id, programma_id, ssn, syntomografia, aksiologisi_id) values ('eu magna vulputate luctus cum sociis natoque penatibus', 754931, 'Aliquam quis turpis eget elit sodales scelerisque. Mauris sit amet eros. Suspendisse accumsan tortor quis turpis.

Sed ante. Vivamus tortor. Duis mattis egestas metus.', '2020-11-15', '2022-05-15', 42, 1, 30, 'RCM', 60);

insert into paradoteo (titlos_paradoteou, perilipsi_paradoteou, hm_paradoshs, ergo_id) values ('mattis pulvinar nulla pede ullamcorper', 'Proin leo odio, porttitor id, consequat in, consequat ut, nulla. Sed accumsan felis. Ut at dolor quis odio consequat varius.', '2021-02-24', 9);
insert into paradoteo (titlos_paradoteou, perilipsi_paradoteou, hm_paradoshs, ergo_id) values ('in magna bibendum imperdiet nullam orci pede venenatis', 'Maecenas leo odio, condimentum id, luctus nec, molestie sed, justo. Pellentesque viverra pede ac diam. Cras pellentesque volutpat dui.', '2021-10-10', 29);
insert into paradoteo (titlos_paradoteou, perilipsi_paradoteou, hm_paradoshs, ergo_id) values ('at feugiat non pretium', 'Duis aliquam convallis nunc. Proin at turpis a pede posuere nonummy. Integer non velit.', '2021-12-07', 3);
insert into paradoteo (titlos_paradoteou, perilipsi_paradoteou, hm_paradoshs, ergo_id) values ('luctus et ultrices posuere cubilia curae', 'Maecenas tristique, est et tempus semper, est quam pharetra magna, ac consequat metus sapien ut nunc. Vestibulum ante ipsum primis in faucibus orci luctus et ultrices posuere cubilia Curae; Mauris viverra diam vitae quam. Suspendisse potenti.', '2021-05-16', 3);
insert into paradoteo (titlos_paradoteou, perilipsi_paradoteou, hm_paradoshs, ergo_id) values ('metus vitae ipsum aliquam non mauris morbi non', 'Curabitur gravida nisi at nibh. In hac habitasse platea dictumst. Aliquam augue quam, sollicitudin vitae, consectetuer eget, rutrum at, lorem.', '2021-07-21', 11);
insert into paradoteo (titlos_paradoteou, perilipsi_paradoteou, hm_paradoshs, ergo_id) values ('sodales sed tincidunt eu', 'Cras non velit nec nisi vulputate nonummy. Maecenas tincidunt lacus at velit. Vivamus vel nulla eget eros elementum pellentesque.', '2021-05-01', 42);
insert into paradoteo (titlos_paradoteou, perilipsi_paradoteou, hm_paradoshs, ergo_id) values ('luctus cum sociis natoque penatibus et magnis', 'Duis aliquam convallis nunc. Proin at turpis a pede posuere nonummy. Integer non velit.', '2021-10-14', 8);
insert into paradoteo (titlos_paradoteou, perilipsi_paradoteou, hm_paradoshs, ergo_id) values ('accumsan felis ut at dolor quis odio', 'Sed sagittis. Nam congue, risus semper porta volutpat, quam pede lobortis ligula, sit amet eleifend pede libero quis orci. Nullam molestie nibh in lectus.', '2021-05-16', 46);
insert into paradoteo (titlos_paradoteou, perilipsi_paradoteou, hm_paradoshs, ergo_id) values ('curabitur convallis duis consequat dui nec', 'Duis aliquam convallis nunc. Proin at turpis a pede posuere nonummy. Integer non velit.', '2021-06-17', 32);
insert into paradoteo (titlos_paradoteou, perilipsi_paradoteou, hm_paradoshs, ergo_id) values ('integer tincidunt ante vel ipsum', 'Morbi porttitor lorem id ligula. Suspendisse ornare consequat lectus. In est risus, auctor sed, tristique in, tempus sit amet, sem.', '2021-11-12', 4);
insert into paradoteo (titlos_paradoteou, perilipsi_paradoteou, hm_paradoshs, ergo_id) values ('luctus et ultrices posuere cubilia curae duis faucibus', 'Cum sociis natoque penatibus et magnis dis parturient montes, nascetur ridiculus mus. Vivamus vestibulum sagittis sapien. Cum sociis natoque penatibus et magnis dis parturient montes, nascetur ridiculus mus.', '2021-05-12', 4);
insert into paradoteo (titlos_paradoteou, perilipsi_paradoteou, hm_paradoshs, ergo_id) values ('sociis natoque penatibus et magnis dis parturient montes', 'Proin eu mi. Nulla ac enim. In tempor, turpis nec euismod scelerisque, quam turpis adipiscing lorem, vitae mattis nibh ligula nec sem.', '2021-03-23', 18);
insert into paradoteo (titlos_paradoteou, perilipsi_paradoteou, hm_paradoshs, ergo_id) values ('leo odio condimentum id', 'Nulla ut erat id mauris vulputate elementum. Nullam varius. Nulla facilisi.', '2021-12-16', 20);
insert into paradoteo (titlos_paradoteou, perilipsi_paradoteou, hm_paradoshs, ergo_id) values ('pede libero quis orci nullam molestie nibh in', 'Duis bibendum. Morbi non quam nec dui luctus rutrum. Nulla tellus.', '2021-02-02', 15);
insert into paradoteo (titlos_paradoteou, perilipsi_paradoteou, hm_paradoshs, ergo_id) values ('quam pharetra magna ac consequat', 'Proin interdum mauris non ligula pellentesque ultrices. Phasellus id sapien in sapien iaculis congue. Vivamus metus arcu, adipiscing molestie, hendrerit at, vulputate vitae, nisl.', '2021-05-05', 9);
insert into paradoteo (titlos_paradoteou, perilipsi_paradoteou, hm_paradoshs, ergo_id) values ('aliquam convallis nunc proin at', 'Curabitur in libero ut massa volutpat convallis. Morbi odio odio, elementum eu, interdum eu, tincidunt in, leo. Maecenas pulvinar lobortis est.', '2021-03-05', 26);
insert into paradoteo (titlos_paradoteou, perilipsi_paradoteou, hm_paradoshs, ergo_id) values ('nulla neque libero convallis eget', 'Praesent id massa id nisl venenatis lacinia. Aenean sit amet justo. Morbi ut odio.', '2021-08-12', 17);
insert into paradoteo (titlos_paradoteou, perilipsi_paradoteou, hm_paradoshs, ergo_id) values ('duis bibendum felis sed interdum', 'In congue. Etiam justo. Etiam pretium iaculis justo.', '2021-10-26', 49);
insert into paradoteo (titlos_paradoteou, perilipsi_paradoteou, hm_paradoshs, ergo_id) values ('turpis nec euismod scelerisque', 'Fusce consequat. Nulla nisl. Nunc nisl.', '2021-05-06', 42);
insert into paradoteo (titlos_paradoteou, perilipsi_paradoteou, hm_paradoshs, ergo_id) values ('in est risus auctor', 'Fusce consequat. Nulla nisl. Nunc nisl.', '2021-11-04', 30);


